loss,accuracy,precision,recall,auc,f1_score,val_loss,val_accuracy,val_precision,val_recall,val_auc,val_f1_score,lr
1.5057331323623657,0.6837284564971924,0.22787611186504364,0.11099138110876083,0.48467573523521423,0.12899479269981384,10.803035736083984,0.7013888955116272,0.4027777910232544,0.4027777910232544,0.5978009700775146,0.3906249403953552,0.001
1.4324043989181519,0.7418434023857117,0.40909090638160706,0.07340946048498154,0.5736818313598633,0.12650223076343536,48.09486389160156,0.6597222089767456,0.3194444477558136,0.3194444477558136,0.5462963581085205,0.23437494039535522,0.001
1.3036104440689087,0.7585644125938416,0.5695364475250244,0.1402936428785324,0.6593452095985413,0.2207588255405426,44.191871643066406,0.5902777910232544,0.1805555522441864,0.1805555522441864,0.45370370149612427,0.15624995529651642,0.001
1.1821051836013794,0.7667210698127747,0.6084656119346619,0.1876019537448883,0.7369243502616882,0.28956836462020874,32.49101257324219,0.5902777910232544,0.1805555522441864,0.1805555522441864,0.45370370149612427,0.2656249403953552,0.001
1.1585707664489746,0.7740619778633118,0.6725146174430847,0.1876019537448883,0.7461184859275818,0.2873355448246002,18.230377197265625,0.6041666865348816,0.2083333283662796,0.2083333283662796,0.4828960597515106,0.11718747764825821,0.001
1.1001948118209839,0.7887438535690308,0.7339901328086853,0.24306687712669373,0.7779278755187988,0.3632904887199402,16.396780014038086,0.5902777910232544,0.1805555522441864,0.1805555522441864,0.45370370149612427,0.21093744039535522,0.001
