loss,accuracy,precision,recall,auc,f1_score,val_loss,val_accuracy,val_precision,val_recall,val_auc,val_f1_score,lr
1.5839680433273315,0.7090517282485962,0.3467741906642914,0.18534483015537262,0.5686007142066956,0.15031461417675018,27.643428802490234,0.6597222089767456,0.3194444477558136,0.3194444477558136,0.5462963581085205,0.1796874701976776,0.001
1.4129323959350586,0.7365415692329407,0.4218009412288666,0.1451876014471054,0.6090279221534729,0.2139759361743927,95.33137512207031,0.5902777910232544,0.1805555522441864,0.1805555522441864,0.45370370149612427,0.10156247764825821,0.001
1.2704975605010986,0.764681875705719,0.5873786211013794,0.1973898857831955,0.6800321936607361,0.3003147840499878,123.26142120361328,0.5902777910232544,0.1805555522441864,0.1805555522441864,0.4499099850654602,0.10156247764825821,0.001
1.2061548233032227,0.774877667427063,0.6392694115638733,0.22838498651981354,0.7084386944770813,0.3360966742038727,53.441776275634766,0.5902777910232544,0.1805555522441864,0.1805555522441864,0.45370370149612427,0.21093744039535522,0.001
1.154338002204895,0.7850733995437622,0.6972476840019226,0.24796085059642792,0.7418426871299744,0.360331267118454,103.83303833007812,0.5902777910232544,0.1805555522441864,0.1805555522441864,0.45370370149612427,0.15624995529651642,0.001
1.102564811706543,0.7854812145233154,0.7185929417610168,0.23327895998954773,0.7670892477035522,0.35053175687789917,50.10911178588867,0.5902777910232544,0.1805555522441864,0.1805555522441864,0.45370370149612427,0.15624995529651642,0.001
