loss,accuracy,precision,recall,auc,f1_score,val_loss,val_accuracy,val_precision,val_recall,val_auc,val_f1_score,lr
1.1586558818817139,0.7570043206214905,0.548872172832489,0.1573275923728943,0.6994471549987793,0.3392942249774933,1.4243727922439575,0.75,0.0,0.0,0.6306584477424622,0.0,0.001
0.9473432898521423,0.7977161407470703,0.7207547426223755,0.31158238649368286,0.835477888584137,0.43097448348999023,1.2796950340270996,0.7152777910232544,0.4166666567325592,0.3472222089767456,0.7067580223083496,0.32991448044776917,0.001
0.9284496903419495,0.8030179738998413,0.6981707215309143,0.37357258796691895,0.8445264101028442,0.4866814613342285,1.33126962184906,0.6909722089767456,0.3650793731212616,0.3194444477558136,0.6920010447502136,0.4096637964248657,0.001
0.9124673008918762,0.8005709648132324,0.6549999713897705,0.4274061918258667,0.8488388657569885,0.5172284841537476,1.3273032903671265,0.6909722089767456,0.3650793731212616,0.3194444477558136,0.6838027238845825,0.30833327770233154,0.001
0.9010775685310364,0.8136215209960938,0.6969696879386902,0.4502446949481964,0.854917585849762,0.5451072454452515,1.4268800020217896,0.7083333134651184,0.3965517282485962,0.3194444477558136,0.6431326866149902,0.44950729608535767,0.001
0.8883693814277649,0.8066884279251099,0.6666666865348816,0.45350733399391174,0.8532171249389648,0.538691520690918,1.508184790611267,0.7083333134651184,0.3965517282485962,0.3194444477558136,0.6164480447769165,0.2649571895599365,0.001
0.8896352648735046,0.7981239557266235,0.6453201770782471,0.4274061918258667,0.8525125980377197,0.5092183947563171,1.521817922592163,0.7048611044883728,0.3617021143436432,0.2361111044883728,0.6061277985572815,0.29535552859306335,0.001
