loss,accuracy,precision,recall,auc,f1_score,val_loss,val_accuracy,val_precision,val_recall,val_auc,val_f1_score,lr
1.13117516040802,0.7381465435028076,0.46416938304901123,0.30711206793785095,0.7238273620605469,0.4465886950492859,1.31387460231781,0.6805555820465088,0.3214285671710968,0.25,0.6630657911300659,0.22055131196975708,0.001
0.9881446361541748,0.8026100993156433,0.686956524848938,0.38662317395210266,0.8343672752380371,0.49033862352371216,1.2894415855407715,0.7569444179534912,0.5208333134651184,0.3472222089767456,0.6946052312850952,0.5039539337158203,0.001
0.9535312652587891,0.8022022843360901,0.6767956018447876,0.399673730134964,0.8407399654388428,0.5045009851455688,1.3934898376464844,0.6944444179534912,0.3709677457809448,0.3194444477558136,0.6487268209457397,0.3569914698600769,0.001
0.9233530759811401,0.8079119324684143,0.6929348111152649,0.41598695516586304,0.8540402054786682,0.5183302760124207,1.453874111175537,0.7048611044883728,0.3488371968269348,0.2083333283662796,0.6084747910499573,0.2141779214143753,0.001
0.9432312250137329,0.8030179738998413,0.6719576716423035,0.41435563564300537,0.8438996076583862,0.5132033228874207,1.4098395109176636,0.7013888955116272,0.32499998807907104,0.1805555522441864,0.6114969253540039,0.3163264989852905,0.001
0.8873944282531738,0.8136215209960938,0.6940298676490784,0.4551386535167694,0.861367404460907,0.5499765872955322,1.3100237846374512,0.7534722089767456,0.5454545617103577,0.0833333358168602,0.6538387537002563,0.07999999076128006,0.001
0.8764474391937256,0.8083197474479675,0.6847545504570007,0.4323001503944397,0.8606586456298828,0.524329662322998,1.3181716203689575,0.7395833134651184,0.2857142984867096,0.02777777798473835,0.6380208134651184,0.02816900610923767,0.001
