loss,accuracy,precision,recall,auc,f1_score,val_loss,val_accuracy,val_precision,val_recall,val_auc,val_f1_score,lr
1.1542340517044067,0.7481142282485962,0.4927835166454315,0.2575431168079376,0.7133159637451172,0.3833564221858978,1.4219231605529785,0.7465277910232544,0.0,0.0,0.5649433732032776,0.0,0.001
1.0032254457473755,0.7924143671989441,0.6604938507080078,0.34910276532173157,0.8242971897125244,0.4580055773258209,1.275200366973877,0.7604166865348816,1.0,0.0416666679084301,0.6348379254341125,0.1414141207933426,0.001
0.9776306748390198,0.7997552752494812,0.676300585269928,0.38172921538352966,0.8363499045372009,0.4899178445339203,1.2476463317871094,0.7534722089767456,0.5714285969734192,0.0555555559694767,0.6626800298690796,0.05633801966905594,0.001
0.984117329120636,0.8030179738998413,0.699386477470398,0.3719412684440613,0.8372319936752319,0.48251309990882874,1.2269915342330933,0.7604166865348816,1.0,0.0416666679084301,0.6643197536468506,0.04477611556649208,0.001
0.934598982334137,0.8083197474479675,0.6896551847457886,0.42414355278015137,0.8485062122344971,0.5257136225700378,1.2688066959381104,0.7534722089767456,1.0,0.013888888992369175,0.6399177312850952,0.015384613536298275,0.001
0.8914788961410522,0.8079119324684143,0.6848958134651184,0.42903751134872437,0.8594464063644409,0.52872234582901,1.2855334281921387,0.7465277910232544,0.0,0.0,0.6409143805503845,0.0,0.001
0.9259834885597229,0.8005709648132324,0.6631578803062439,0.41109299659729004,0.848631739616394,0.508656919002533,1.2381585836410522,0.7604166865348816,0.7142857313156128,0.0694444477558136,0.6840277910232544,0.16825394332408905,0.001
0.8802939057350159,0.8152528405189514,0.7094240784645081,0.4420880973339081,0.860731840133667,0.5422441363334656,1.2434208393096924,0.7291666865348816,0.4318181872367859,0.2638888955116272,0.6999421119689941,0.4151814579963684,0.001
0.9020693302154541,0.8075040578842163,0.6758104562759399,0.4420880973339081,0.8496909141540527,0.5307818651199341,1.2956129312515259,0.7152777910232544,0.3958333432674408,0.2638888955116272,0.6757330298423767,0.17757005989551544,0.001
