loss,accuracy,precision,recall,auc,f1_score,val_loss,val_accuracy,val_precision,val_recall,val_auc,val_f1_score,lr
1.1246780157089233,0.7731680870056152,0.6747967600822449,0.17887930572032928,0.7508059740066528,0.3567814528942108,1.3894374370574951,0.6770833134651184,0.3333333432674408,0.2916666567325592,0.6262538433074951,0.42621007561683655,0.001
1.0178406238555908,0.7960848212242126,0.6782334446907043,0.35073408484458923,0.8246280550956726,0.4595242440700531,1.2403672933578491,0.7534722089767456,0.5263158082962036,0.1388888955116272,0.7032857537269592,0.12499997764825821,0.001
0.9692574739456177,0.7956770062446594,0.6666666865348816,0.3654159903526306,0.8351522088050842,0.470600426197052,1.2379183769226074,0.7534722089767456,0.523809552192688,0.1527777761220932,0.7015818357467651,0.23015868663787842,0.001
0.9432270526885986,0.8058727383613586,0.6866484880447388,0.41109299659729004,0.8467614054679871,0.5091592073440552,1.3014038801193237,0.7083333134651184,0.3965517282485962,0.3194444477558136,0.688400149345398,0.333333283662796,0.001
0.9295991659164429,0.8030179738998413,0.6775956153869629,0.404567688703537,0.8463178277015686,0.5053433775901794,1.3770426511764526,0.6979166865348816,0.3333333432674408,0.2083333283662796,0.6426182985305786,0.2788460850715637,0.001
0.9125849008560181,0.8123980164527893,0.6834532618522644,0.4649266004562378,0.8529552817344666,0.5531917810440063,1.3599724769592285,0.7361111044883728,0.0,0.0,0.6157728433609009,0.0,0.001
0.9095562696456909,0.7981239557266235,0.6745561957359314,0.3719412684440613,0.8490957021713257,0.47633057832717896,1.259758472442627,0.7430555820465088,0.375,0.0416666679084301,0.6466370820999146,0.042253512889146805,0.001
0.8957311511039734,0.804241418838501,0.6792452931404114,0.41109299659729004,0.8562361001968384,0.5119288563728333,1.2512028217315674,0.7465277910232544,0.4285714328289032,0.0416666679084301,0.674382746219635,0.042857132852077484,0.001
