loss,accuracy,precision,recall,auc,f1_score,val_loss,val_accuracy,val_precision,val_recall,val_auc,val_f1_score,lr
1.1763739585876465,0.7677801847457886,0.62890625,0.17349137365818024,0.7341803312301636,0.35903143882751465,1.2215135097503662,0.7673611044883728,1.0,0.0694444477558136,0.6853459477424622,0.072463758289814,0.001
1.0443477630615234,0.7952691912651062,0.7246963381767273,0.2920065224170685,0.8303811550140381,0.41289377212524414,1.1550636291503906,0.7743055820465088,1.0,0.0972222238779068,0.6721321940422058,0.09859153628349304,0.001
0.9921371340751648,0.8022022843360901,0.7091503143310547,0.35399672389030457,0.8363080620765686,0.4620334506034851,1.1228911876678467,0.78125,1.0,0.125,0.7047324776649475,0.2222221940755844,0.001
0.9849914312362671,0.7981239557266235,0.675595223903656,0.3703099489212036,0.837676465511322,0.4748362600803375,1.1244957447052002,0.7777777910232544,1.0,0.1111111119389534,0.707561731338501,0.20970264077186584,0.001
0.9124243855476379,0.8075040578842163,0.7079645991325378,0.39151713252067566,0.8582780361175537,0.5028558969497681,1.148303508758545,0.7743055820465088,0.8888888955116272,0.1111111119389534,0.7187822461128235,0.10958903282880783,0.001
0.917585015296936,0.8026100993156433,0.6738544702529907,0.4078303277492523,0.8515276312828064,0.5085774660110474,1.1642045974731445,0.7604166865348816,1.0,0.0416666679084301,0.7312885522842407,0.1414141207933426,0.001
0.8986050486564636,0.8152528405189514,0.7116402387619019,0.43882545828819275,0.8565652966499329,0.5419151782989502,1.2221475839614868,0.75,0.5,0.0416666679084301,0.699556291103363,0.042857132852077484,0.001
0.8753870129585266,0.8079119324684143,0.6878306865692139,0.42414355278015137,0.8635057210922241,0.5258914828300476,1.2769758701324463,0.75,0.5,0.0416666679084301,0.6721643805503845,0.1294117420911789,0.001
