loss,accuracy,precision,recall,auc,f1_score,val_loss,val_accuracy,val_precision,val_recall,val_auc,val_f1_score,lr
1.4280868768692017,0.7421875,0.44569289684295654,0.12823276221752167,0.5848180651664734,0.17332181334495544,1.37117338180542,0.75,0.0,0.0,0.6185699701309204,0.0,0.001
1.2220014333724976,0.7520391345024109,0.5115207433700562,0.18107667565345764,0.7057478427886963,0.26595112681388855,1.3601933717727661,0.7604166865348816,1.0,0.0416666679084301,0.5654256343841553,0.2153846025466919,0.001
1.1886316537857056,0.7553017735481262,0.528384268283844,0.1973898857831955,0.7261792421340942,0.28989261388778687,1.40082848072052,0.7777777910232544,1.0,0.1111111119389534,0.5819509029388428,0.2857142686843872,0.001
1.0917249917984009,0.7785481214523315,0.6483050584793091,0.24959217011928558,0.7715134620666504,0.3573908507823944,1.4132177829742432,0.7777777910232544,1.0,0.1111111119389534,0.563560962677002,0.1111110970377922,0.001
1.0908362865447998,0.7675366997718811,0.5749129056930542,0.26916801929473877,0.7765422463417053,0.3664834797382355,1.3980971574783325,0.78125,1.0,0.125,0.565039873123169,0.3584415316581726,0.001
1.0753962993621826,0.774877667427063,0.598705530166626,0.3017944395542145,0.7849529981613159,0.4015709459781647,1.380150318145752,0.7777777910232544,1.0,0.1111111119389534,0.5503472685813904,0.20970264077186584,0.001
1.060976505279541,0.7765089869499207,0.6181818246841431,0.2773246467113495,0.7924501299858093,0.3848233222961426,1.385028600692749,0.7777777910232544,1.0,0.1111111119389534,0.5487075448036194,0.20970264077186584,0.001
