loss,accuracy,precision,recall,auc,f1_score,val_loss,val_accuracy,val_precision,val_recall,val_auc,val_f1_score,lr
1.3647146224975586,0.7497305870056152,0.4982698857784271,0.1551724076271057,0.6612837314605713,0.24317820370197296,1.4014058113098145,0.75,0.0,0.0,0.5928176641464233,0.0,0.001
1.1920838356018066,0.7622349262237549,0.5531914830207825,0.2544861435890198,0.7326664924621582,0.3505104184150696,1.4620475769042969,0.7777777910232544,1.0,0.1111111119389534,0.5335969924926758,0.1111110970377922,0.001
1.160637617111206,0.7659053802490234,0.5709090828895569,0.25611746311187744,0.754580557346344,0.3477522134780884,1.4732017517089844,0.7847222089767456,1.0,0.1388888955116272,0.5634323954582214,0.31111109256744385,0.001
1.1264475584030151,0.7789559364318848,0.626334547996521,0.2871125638484955,0.7652374505996704,0.39418789744377136,1.4780431985855103,0.78125,1.0,0.125,0.5491898655891418,0.12328765541315079,0.001
1.1133997440338135,0.774877667427063,0.6062718033790588,0.28384992480278015,0.7704511880874634,0.3845944106578827,1.531519889831543,0.78125,1.0,0.125,0.4881365895271301,0.2222221940755844,0.001
1.072855830192566,0.7867047190666199,0.6704545617103577,0.28874388337135315,0.7889363765716553,0.3960734009742737,1.5639941692352295,0.7777777910232544,1.0,0.1111111119389534,0.49537035822868347,0.1111110970377922,0.001
