loss,accuracy,precision,recall,auc,f1_score,val_loss,val_accuracy,val_precision,val_recall,val_auc,val_f1_score,lr
1.4174875020980835,0.7473060488700867,0.4761904776096344,0.10775861889123917,0.6049986481666565,0.2250528335571289,1.4236912727355957,0.75,0.0,0.0,0.6363811492919922,0.0,0.001
1.2364277839660645,0.7761011123657227,0.6839080452919006,0.19412724673748016,0.6961795091629028,0.3017505407333374,1.4051449298858643,0.7638888955116272,1.0,0.0555555559694767,0.5361368060112,0.15588721632957458,0.001
1.1923408508300781,0.779771625995636,0.7062146663665771,0.20391516387462616,0.7249941229820251,0.3135233521461487,1.4686305522918701,0.78125,1.0,0.125,0.5459104776382446,0.2222221940755844,0.001
1.139260172843933,0.7838498950004578,0.7195767164230347,0.22185970842838287,0.7636335492134094,0.3385321795940399,1.4909367561340332,0.78125,1.0,0.125,0.5059799551963806,0.3584415316581726,0.001
1.1009007692337036,0.7818107604980469,0.6989796161651611,0.22349102795124054,0.7782853245735168,0.3389520049095154,1.4980854988098145,0.7916666865348816,1.0,0.1666666716337204,0.500417947769165,0.25777775049209595,0.001
1.090241551399231,0.7850733995437622,0.708737850189209,0.23817291855812073,0.7847973108291626,0.35101550817489624,1.4809660911560059,0.7847222089767456,1.0,0.1388888955116272,0.5023791193962097,0.234398752450943,0.001
1.0581027269363403,0.789559543132782,0.7487179636955261,0.23817291855812073,0.7890259623527527,0.35940617322921753,1.4663668870925903,0.78125,1.0,0.125,0.5105131268501282,0.12328765541315079,0.001
