loss,accuracy,precision,recall,auc,f1_score,val_loss,val_accuracy,val_precision,val_recall,val_auc,val_f1_score,lr
1.4168826341629028,0.7451508641242981,0.48148149251937866,0.2521551847457886,0.6869767308235168,0.19114616513252258,3.4610249996185303,0.7118055820465088,0.4225352108478546,0.4166666567325592,0.6593363881111145,0.40009835362434387,0.001
1.170249104499817,0.7736541628837585,0.6283186078071594,0.23164764046669006,0.7430921792984009,0.33660927414894104,6.239034652709961,0.6458333134651184,0.2916666567325592,0.2916666567325592,0.5727237462997437,0.21874994039535522,0.001
1.0897241830825806,0.7862969040870667,0.7258883118629456,0.23327895998954773,0.7858968377113342,0.35398662090301514,6.035695552825928,0.6736111044883728,0.3472222089767456,0.3472222089767456,0.6216883659362793,0.24999994039535522,0.001
1.029307246208191,0.7997552752494812,0.7904762029647827,0.27079933881759644,0.8125998377799988,0.4036674499511719,5.185802459716797,0.6944444179534912,0.3888888955116272,0.3888888955116272,0.6517810821533203,0.3281249403953552,0.001
0.9851779341697693,0.8054649233818054,0.7905982732772827,0.3017944395542145,0.8315556645393372,0.4313019812107086,4.809803485870361,0.6840277910232544,0.3661971688270569,0.3611111044883728,0.6309155225753784,0.36860230565071106,0.001
0.9458262920379639,0.8087275624275208,0.7857142686843872,0.3230016231536865,0.849897563457489,0.45296040177345276,4.8127522468566895,0.6701388955116272,0.3380281627178192,0.3333333432674408,0.6046488881111145,0.29822829365730286,0.001
