loss,accuracy,precision,recall,auc,f1_score,val_loss,val_accuracy,val_precision,val_recall,val_auc,val_f1_score,lr
1.3556509017944336,0.7629310488700867,0.5530973672866821,0.2693965435028076,0.6856499314308167,0.24733230471611023,5.525026321411133,0.7222222089767456,0.4444444477558136,0.4444444477558136,0.6381816864013672,0.4140624403953552,0.001
1.1308321952819824,0.7842577695846558,0.7359550595283508,0.21370309591293335,0.760783851146698,0.32729265093803406,3.1923441886901855,0.7222222089767456,0.44285714626312256,0.4305555522441864,0.6890110373497009,0.464285671710968,0.001
1.083806037902832,0.7964926362037659,0.7638888955116272,0.26916801929473877,0.7886995077133179,0.3972353935241699,3.9438581466674805,0.7152777910232544,0.4264705777168274,0.4027777910232544,0.6513311862945557,0.3971773386001587,0.001
1.0456141233444214,0.8005709648132324,0.7627118825912476,0.29363784193992615,0.8086004257202148,0.4208652079105377,5.126314163208008,0.71875,0.43661972880363464,0.4305555522441864,0.6264145970344543,0.3010416030883789,0.001
1.0032073259353638,0.8034257888793945,0.7740585803985596,0.3017944395542145,0.8286704421043396,0.4350002706050873,4.862930774688721,0.6979166865348816,0.39436620473861694,0.3888888955116272,0.6455439329147339,0.38435032963752747,0.001
0.9594153165817261,0.8115823864936829,0.7937743067741394,0.3327895700931549,0.845628559589386,0.46388792991638184,5.603601455688477,0.6736111044883728,0.3472222089767456,0.3472222089767456,0.6213992238044739,0.3593749403953552,0.001
0.9046334028244019,0.8221859931945801,0.8062283992767334,0.3800978660583496,0.8671750426292419,0.5162848234176636,4.183672904968262,0.7013888955116272,0.4000000059604645,0.3888888955116272,0.6659271121025085,0.44047611951828003,0.001
