loss,accuracy,precision,recall,auc,f1_score,val_loss,val_accuracy,val_precision,val_recall,val_auc,val_f1_score,lr
1.433136224746704,0.7556573152542114,0.54356849193573,0.14116379618644714,0.6387903690338135,0.0921412855386734,22.24860191345215,0.6875,0.375,0.375,0.5923353433609009,0.4296874403953552,0.001
1.4565870761871338,0.7442903518676758,0.3541666567325592,0.02773246355354786,0.5321527123451233,0.05123384669423103,112.07132720947266,0.6666666865348816,0.3333333432674408,0.3333333432674408,0.5691229701042175,0.2968749403953552,0.001
1.4810500144958496,0.734910249710083,0.38064515590667725,0.09624796360731125,0.536304235458374,0.14169979095458984,119.62895965576172,0.5763888955116272,0.1527777761220932,0.1527777761220932,0.432548850774765,0.14062495529651642,0.001
1.4498666524887085,0.7324633002281189,0.37278106808662415,0.10277324914932251,0.5637368559837341,0.15388227999210358,163.8958282470703,0.6111111044883728,0.2222222238779068,0.2222222238779068,0.47788065671920776,0.23437494039535522,0.001
1.41957426071167,0.7369494438171387,0.41489362716674805,0.1272430717945099,0.5991464257240295,0.17802666127681732,112.46351623535156,0.5902777910232544,0.1805555522441864,0.1805555522441864,0.45370370149612427,0.15624995529651642,0.001
1.235122561454773,0.7687602043151855,0.5958333611488342,0.23327895998954773,0.715214192867279,0.32704806327819824,852.614501953125,0.5902777910232544,0.1805555522441864,0.1805555522441864,0.45370370149612427,0.21093744039535522,0.001
