loss,accuracy,precision,recall,auc,f1_score,val_loss,val_accuracy,val_precision,val_recall,val_auc,val_f1_score,lr
1.4361940622329712,0.7227909564971924,0.36814621090888977,0.15193966031074524,0.5812773108482361,0.04132959991693497,136.8189697265625,0.6041666865348816,0.2083333283662796,0.2083333283662796,0.4695216119289398,0.17187495529651642,0.001
1.4345663785934448,0.7406198978424072,0.32307693362236023,0.03425774723291397,0.5399744510650635,0.058457136154174805,441.1719970703125,0.6597222089767456,0.3194444477558136,0.3194444477558136,0.5462963581085205,0.2890624403953552,0.001
1.4155782461166382,0.7414355874061584,0.29411765933036804,0.02446982078254223,0.5481518507003784,0.04450947046279907,4.969458103179932,0.5833333134651184,0.1666666716337204,0.1666666716337204,0.49845680594444275,0.20312494039535522,0.001
1.4902669191360474,0.7283849716186523,0.3221476376056671,0.07830342650413513,0.5346910953521729,0.12098433822393417,6.359094619750977,0.5902777910232544,0.1805555522441864,0.1805555522441864,0.44077929854393005,0.10156247764825821,0.001
1.4779719114303589,0.7312397956848145,0.35256409645080566,0.08972267806529999,0.5539759397506714,0.13578437268733978,5.757857799530029,0.6423611044883728,0.28169015049934387,0.2777777910232544,0.522987425327301,0.39166662096977234,0.001
1.3883531093597412,0.7442903518676758,0.45270270109176636,0.10929853469133377,0.6021900177001953,0.1738186776638031,840.1907348632812,0.5902777910232544,0.1805555522441864,0.1805555522441864,0.45370370149612427,0.10156247764825821,0.001
1.2495883703231812,0.764681875705719,0.59375,0.18597063422203064,0.6923496127128601,0.2747231423854828,8.231475830078125,0.6597222089767456,0.2678571343421936,0.2083333283662796,0.545685350894928,0.1986621618270874,0.001
1.1430809497833252,0.7769168019294739,0.6918604373931885,0.19412724673748016,0.7536531686782837,0.30571192502975464,300.3086853027344,0.5763888955116272,0.1527777761220932,0.1527777761220932,0.43518519401550293,0.14062495529651642,0.001
