loss,accuracy,precision,recall,auc,f1_score,val_loss,val_accuracy,val_precision,val_recall,val_auc,val_f1_score,lr
1.4965989589691162,0.7149784564971924,0.36734694242477417,0.19396552443504333,0.6206586360931396,0.2514202296733856,1.8202881813049316,0.6527777910232544,0.30000001192092896,0.2916666567325592,0.6390174627304077,0.33035707473754883,0.001
1.2415252923965454,0.7703915238380432,0.6344085931777954,0.1924959272146225,0.7027122378349304,0.29904240369796753,1.1515785455703735,0.7256944179534912,0.4444444477558136,0.3888888955116272,0.7575231790542603,0.34999993443489075,0.001
1.1807646751403809,0.7756932973861694,0.6842105388641357,0.19086460769176483,0.7424880266189575,0.2952479124069214,1.0158227682113647,0.7881944179534912,0.7894737124443054,0.2083333283662796,0.7937243580818176,0.3604937791824341,0.001
1.1232815980911255,0.7809951305389404,0.6979166865348816,0.21859706938266754,0.7657945156097412,0.3354565501213074,0.9981415867805481,0.7881944179534912,0.8666666746139526,0.1805555522441864,0.7866511940956116,0.34285712242126465,0.001
1.1198846101760864,0.779771625995636,0.6798029541969299,0.2251223474740982,0.777018129825592,0.3312704861164093,1.0613306760787964,0.7777777910232544,0.5740740895271301,0.4305555522441864,0.7696115970611572,0.464285671710968,0.001
1.0644237995147705,0.7801794409751892,0.6608695387840271,0.24796085059642792,0.7940952181816101,0.359899640083313,1.041880488395691,0.78125,0.6153846383094788,0.3333333432674408,0.7777134776115417,0.5353534817695618,0.001
1.0627156496047974,0.7875204086303711,0.7090908885002136,0.2544861435890198,0.7952424883842468,0.37436625361442566,1.007315993309021,0.7951388955116272,1.0,0.1805555522441864,0.791409432888031,0.3466666340827942,0.001
1.0444355010986328,0.7879282236099243,0.7313432693481445,0.2398042380809784,0.8070308566093445,0.3624490797519684,1.0248847007751465,0.7881944179534912,0.7894737124443054,0.2083333283662796,0.7891268134117126,0.18292681872844696,0.001
1.042799949645996,0.7862969040870667,0.6816326379776001,0.2724306583404541,0.7969878315925598,0.38562798500061035,1.0677695274353027,0.7673611044883728,0.5409836173057556,0.4583333432674408,0.7808963656425476,0.49793383479118347,0.001
