loss,accuracy,precision,recall,auc,f1_score,val_loss,val_accuracy,val_precision,val_recall,val_auc,val_f1_score,lr
1.4464322328567505,0.7464978694915771,0.4848484992980957,0.22413793206214905,0.6332603096961975,0.28953638672828674,2.1511287689208984,0.6944444179534912,0.3888888955116272,0.3888888955116272,0.5555233955383301,0.4374999403953552,0.001
1.2463574409484863,0.7691680192947388,0.5975103974342346,0.2349102795124054,0.7054262757301331,0.3303597867488861,1.1433387994766235,0.7638888955116272,0.5666666626930237,0.2361111044883728,0.7348572611808777,0.333333283662796,0.001
1.1770414113998413,0.7720228433609009,0.6273584961891174,0.21696573495864868,0.7375293374061584,0.3181176781654358,1.2776150703430176,0.7395833134651184,0.47058823704719543,0.3333333432674408,0.6955697536468506,0.5314547419548035,0.001
1.1216236352920532,0.7809951305389404,0.6958763003349304,0.2202283889055252,0.7614829540252686,0.3362632095813751,1.3236922025680542,0.7430555820465088,0.47058823704719543,0.2222222238779068,0.6365740895271301,0.31560277938842773,0.001
1.0837557315826416,0.7814029455184937,0.6994818449020386,0.2202283889055252,0.784561812877655,0.3335501551628113,1.2344788312911987,0.7743055820465088,0.5945945978164673,0.3055555522441864,0.6955053806304932,0.5616986751556396,0.001
1.0665150880813599,0.7887438535690308,0.7653631567955017,0.22349102795124054,0.7897866368293762,0.34253230690956116,1.400355577468872,0.7673611044883728,0.5471698045730591,0.4027777910232544,0.6512988805770874,0.5109394192695618,0.001
1.0520354509353638,0.7867047190666199,0.7227723002433777,0.23817291855812073,0.79695725440979,0.35228386521339417,1.3134617805480957,0.7569444179534912,0.5227272510528564,0.3194444477558136,0.662840723991394,0.30754712224006653,0.001
