loss,accuracy,precision,recall,auc,f1_score,val_loss,val_accuracy,val_precision,val_recall,val_auc,val_f1_score,lr
1.5949400663375854,0.7241379022598267,0.33448275923728943,0.1045258641242981,0.5509098172187805,0.10888304561376572,1.7572089433670044,0.6458333134651184,0.2916666567325592,0.2916666567325592,0.6029449701309204,0.3828124403953552,0.001
1.4984784126281738,0.7328711152076721,0.32499998807907104,0.06362153589725494,0.5270631909370422,0.10352019965648651,1.4039318561553955,0.7083333134651184,0.3636363744735718,0.2222222238779068,0.6265753507614136,0.4033612608909607,0.001
1.5188283920288086,0.7316476106643677,0.24719101190567017,0.035889070481061935,0.5214369297027588,0.06727280467748642,1.250733733177185,0.75,0.0,0.0,0.6761831641197205,0.0,0.001
1.4636718034744263,0.7414355874061584,0.35211268067359924,0.04078303277492523,0.5447251200675964,0.07391275465488434,1.2688788175582886,0.75,0.0,0.0,0.6999742388725281,0.0,0.001
1.4135316610336304,0.7491843104362488,0.488095223903656,0.06688417494297028,0.5728895664215088,0.11766139417886734,1.275838017463684,0.75,0.0,0.0,0.7252443432807922,0.0,0.001
1.3955481052398682,0.7422512173652649,0.36231884360313416,0.04078303277492523,0.5911069512367249,0.07287412881851196,1.3235936164855957,0.75,0.0,0.0,0.6432934403419495,0.0,0.001
1.3856892585754395,0.7422512173652649,0.37974682450294495,0.04893964156508446,0.6032092571258545,0.0863981619477272,1.3266489505767822,0.75,0.0,0.0,0.63072270154953,0.0,0.001
1.388725757598877,0.7438825368881226,0.4025973975658417,0.05057096108794212,0.5890476703643799,0.08921520411968231,1.3097050189971924,0.75,0.0,0.0,0.6768904328346252,0.0,0.001
