loss,accuracy,precision,recall,auc,f1_score,val_loss,val_accuracy,val_precision,val_recall,val_auc,val_f1_score,lr
1.2822107076644897,0.7650862336158752,0.6129032373428345,0.16379310190677643,0.6947960257530212,0.29007285833358765,1.312009334564209,0.75,0.0,0.0,0.6217528581619263,0.0,0.001
1.109967827796936,0.7740619778633118,0.6648044586181641,0.19412724673748016,0.7701087594032288,0.29575127363204956,1.2472939491271973,0.7604166865348816,1.0,0.0416666679084301,0.6824846267700195,0.04477611556649208,0.001
1.0592336654663086,0.7842577695846558,0.71875,0.2251223474740982,0.7948651909828186,0.3423078954219818,1.217213749885559,0.7777777910232544,1.0,0.1111111119389534,0.7249549627304077,0.2857142686843872,0.001
1.0462380647659302,0.7862969040870667,0.7305699586868286,0.2300163060426712,0.8029773831367493,0.34791669249534607,1.2296323776245117,0.7708333134651184,1.0,0.0833333358168602,0.7180106043815613,0.08571427315473557,0.001
1.034652590751648,0.8017944693565369,0.737827718257904,0.32137030363082886,0.8125222325325012,0.4450637698173523,1.2210665941238403,0.7673611044883728,1.0,0.0694444477558136,0.7181069850921631,0.072463758289814,0.001
0.9968746900558472,0.7956770062446594,0.7089552283287048,0.3099510669708252,0.8200711607933044,0.4312763810157776,1.222525715827942,0.7534722089767456,1.0,0.013888888992369175,0.728459358215332,0.015384613536298275,0.001
0.9956968426704407,0.7964926362037659,0.7007042169570923,0.3246329426765442,0.824228048324585,0.44445452094078064,1.2609803676605225,0.75,0.0,0.0,0.6806519627571106,0.0,0.001
0.9668586850166321,0.8009787797927856,0.7090300917625427,0.34584012627601624,0.8337245583534241,0.4651000499725342,1.2800184488296509,0.7465277910232544,0.0,0.0,0.6656379103660583,0.0,0.001
