loss,accuracy,precision,recall,auc,f1_score,val_loss,val_accuracy,val_precision,val_recall,val_auc,val_f1_score,lr
1.341694951057434,0.7389547228813171,0.3854748606681824,0.07435344904661179,0.6439602971076965,0.16135546565055847,1.541072964668274,0.6319444179534912,0.24242424964904785,0.2222222238779068,0.572241485118866,0.23975405097007751,0.001
1.1739132404327393,0.764681875705719,0.6111111044883728,0.16150081157684326,0.735787570476532,0.24655947089195251,1.4536257982254028,0.6701388955116272,0.3050847351551056,0.25,0.6066100597381592,0.27960920333862305,0.001
1.1154345273971558,0.7732463479042053,0.6540540456771851,0.1973898857831955,0.7718415856361389,0.3037218451499939,1.3568891286849976,0.7673611044883728,1.0,0.0694444477558136,0.6230067014694214,0.16993461549282074,0.001
1.059644341468811,0.7875204086303711,0.7277227640151978,0.2398042380809784,0.7985323071479797,0.3599033057689667,1.3793225288391113,0.7673611044883728,1.0,0.0694444477558136,0.5753600597381592,0.072463758289814,0.001
1.034854769706726,0.7903752326965332,0.739130437374115,0.24959217011928558,0.8120214939117432,0.37199071049690247,1.4293862581253052,0.7638888955116272,0.8333333134651184,0.0694444477558136,0.5339506268501282,0.0714285597205162,0.001
1.001343011856079,0.7883360385894775,0.6895161271095276,0.27895596623420715,0.8277629613876343,0.39175111055374146,1.421456217765808,0.7569444179534912,0.75,0.0416666679084301,0.5409915447235107,0.14096184074878693,0.001
1.0130585432052612,0.7932299971580505,0.7245762944221497,0.27895596623420715,0.8213220238685608,0.39689958095550537,1.4191346168518066,0.7708333134651184,1.0,0.0833333358168602,0.5539158582687378,0.1835748553276062,0.001
0.9891394376754761,0.7899673581123352,0.6801470518112183,0.3017944395542145,0.8314496874809265,0.4199415147304535,1.3872946500778198,0.7604166865348816,0.800000011920929,0.0555555559694767,0.5731095671653748,0.15522873401641846,0.001
