loss,accuracy,precision,recall,auc,f1_score,val_loss,val_accuracy,val_precision,val_recall,val_auc,val_f1_score,lr
1.3595571517944336,0.7413793206214905,0.4000000059604645,0.06896551698446274,0.6394055485725403,0.16591012477874756,1.4512299299240112,0.7256944179534912,0.39393940567970276,0.1805555522441864,0.5469393730163574,0.2123655527830124,0.001
1.1791296005249023,0.769575834274292,0.6538461446762085,0.16639478504657745,0.7226753830909729,0.26427894830703735,1.3215633630752563,0.75,0.5,0.125,0.6403356194496155,0.19999995827674866,0.001
1.1373801231384277,0.7740619778633118,0.6705202460289001,0.18923327326774597,0.7608361840248108,0.29108065366744995,1.2676310539245605,0.7638888955116272,1.0,0.0555555559694767,0.6785944104194641,0.15588721632957458,0.001
1.057371735572815,0.7899673581123352,0.75,0.2398042380809784,0.7952708601951599,0.3585999608039856,1.3193691968917847,0.7673611044883728,0.8571428656578064,0.0833333358168602,0.5658114552497864,0.0845070332288742,0.001
1.0387752056121826,0.7928221821784973,0.7441860437393188,0.26101142168045044,0.8102983236312866,0.3840738534927368,1.3425850868225098,0.7673611044883728,0.8571428656578064,0.0833333358168602,0.5245949029922485,0.1825396567583084,0.001
1.046899676322937,0.7862969040870667,0.6877636909484863,0.26590538024902344,0.8034586310386658,0.3792492747306824,1.3056681156158447,0.7708333134651184,1.0,0.0833333358168602,0.5750707387924194,0.2588235139846802,0.001
1.020086407661438,0.7928221821784973,0.7075098752975464,0.2920065224170685,0.8191087245941162,0.41118234395980835,1.302707314491272,0.7743055820465088,0.8888888955116272,0.1111111119389534,0.5749099254608154,0.2083333134651184,0.001
1.0256507396697998,0.7907830476760864,0.6865671873092651,0.3001631200313568,0.8186966180801392,0.41396933794021606,1.337449550628662,0.7743055820465088,0.8181818127632141,0.125,0.5446887612342834,0.21921919286251068,0.001
