loss,accuracy,precision,recall,auc,f1_score,val_loss,val_accuracy,val_precision,val_recall,val_auc,val_f1_score,lr
1.2205396890640259,0.775053858757019,0.6620209217071533,0.20474137365818024,0.6919201016426086,0.32491010427474976,1.4258685111999512,0.7152777910232544,0.34375,0.1527777761220932,0.616126537322998,0.11956518888473511,0.001
1.1250098943710327,0.7720228433609009,0.5964285731315613,0.2724306583404541,0.7654414176940918,0.37033525109291077,1.2306278944015503,0.7673611044883728,1.0,0.0694444477558136,0.6712319850921631,0.072463758289814,0.001
1.1014835834503174,0.774469792842865,0.611940324306488,0.2675366997718811,0.7800590395927429,0.3731599748134613,1.278220534324646,0.7534722089767456,0.5714285969734192,0.0555555559694767,0.6604938507080078,0.05633801966905594,0.001
1.0624393224716187,0.7903752326965332,0.6724738478660583,0.3148450255393982,0.8068947196006775,0.4260432720184326,1.3206257820129395,0.7534722089767456,0.5714285969734192,0.0555555559694767,0.6506879925727844,0.05633801966905594,0.001
1.0390795469284058,0.7907830476760864,0.6633986830711365,0.33115825057029724,0.8090947270393372,0.4462249279022217,1.3357895612716675,0.7534722089767456,0.5714285969734192,0.0555555559694767,0.6291473507881165,0.057971008121967316,0.001
1.024307131767273,0.7911908626556396,0.6677740812301636,0.3278955817222595,0.8119443655014038,0.4431597590446472,1.3112932443618774,0.7534722089767456,0.5714285969734192,0.0555555559694767,0.6477623581886292,0.05633801966905594,0.001
1.0137152671813965,0.7879282236099243,0.6495176553726196,0.3295269310474396,0.8201497197151184,0.43919306993484497,1.3205525875091553,0.75,0.5,0.0416666679084301,0.6238104701042175,0.042857132852077484,0.001
