loss,accuracy,precision,recall,auc,f1_score,val_loss,val_accuracy,val_precision,val_recall,val_auc,val_f1_score,lr
2.7181661128997803,0.7615840435028076,0.5247981548309326,0.4903017282485962,0.762391984462738,0.38468021154403687,3.299849510192871,0.7291666865348816,0.4571428596973419,0.4444444477558136,0.7125449776649475,0.41765865683555603,0.001
1.7666651010513306,0.7948613166809082,0.5925925970077515,0.574225127696991,0.8210075497627258,0.5841504335403442,3.2756471633911133,0.7534722089767456,0.5070422291755676,0.5,0.7325746417045593,0.501968502998352,0.001
1.4405992031097412,0.8172920346260071,0.6377295255661011,0.6231647729873657,0.8586249947547913,0.6232879161834717,1.5833148956298828,0.7986111044883728,0.5972222089767456,0.5972222089767456,0.854649007320404,0.6093749403953552,0.001
1.331461787223816,0.829119086265564,0.6611295938491821,0.6492658853530884,0.8756372332572937,0.6575573682785034,3.9898593425750732,0.7534722089767456,0.5070422291755676,0.5,0.7210326194763184,0.501968502998352,0.001
1.1693111658096313,0.8646003007888794,0.7330016493797302,0.7210440635681152,0.8964133858680725,0.7235735654830933,2.1050267219543457,0.78125,0.5633803009986877,0.5555555820465088,0.8210197687149048,0.6427164673805237,0.001
0.9426297545433044,0.8699021339416504,0.747474730014801,0.7243067026138306,0.9177157878875732,0.7366170883178711,1.8766738176345825,0.8229166865348816,0.6478873491287231,0.6388888955116272,0.8433641791343689,0.6899605989456177,0.001
0.7680802345275879,0.8858075141906738,0.7770382761955261,0.7618270516395569,0.9364675879478455,0.7680007219314575,1.719298243522644,0.8159722089767456,0.6338028311729431,0.625,0.8457112312316895,0.6274605989456177,0.001
0.7815486192703247,0.881321370601654,0.7674418687820435,0.7536704540252686,0.9327724575996399,0.7592258453369141,1.7667468786239624,0.8402777910232544,0.6805555820465088,0.6805555820465088,0.8623650670051575,0.6015624403953552,0.001
