loss,accuracy,precision,recall,auc,f1_score,val_loss,val_accuracy,val_precision,val_recall,val_auc,val_f1_score,lr
2.160214900970459,0.7842133641242981,0.5732410550117493,0.5355603694915771,0.7888917326927185,0.44526100158691406,2.5273237228393555,0.7256944179534912,0.4507042169570923,0.4444444477558136,0.7229294776916504,0.48541662096977234,0.001
1.5262447595596313,0.8058727383613586,0.6162987947463989,0.5921696424484253,0.8370129466056824,0.6040756106376648,2.6636064052581787,0.7326388955116272,0.4637681245803833,0.4444444477558136,0.7503214478492737,0.419499933719635,0.001
1.3248785734176636,0.8221859931945801,0.6502546668052673,0.6247960925102234,0.8614032864570618,0.6382247805595398,7.223042964935303,0.6944444179534912,0.3888888955116272,0.3888888955116272,0.6244213581085205,0.3828124403953552,0.001
1.4144386053085327,0.8270799517631531,0.6582914590835571,0.6411092877388,0.8693868517875671,0.6535937786102295,5.5902533531188965,0.7152777910232544,0.4305555522441864,0.4305555522441864,0.6644483208656311,0.4609374403953552,0.001
1.189913272857666,0.8454322814941406,0.695652186870575,0.6786296963691711,0.8873444199562073,0.6887398958206177,3.4775781631469727,0.7152777910232544,0.4305555522441864,0.4305555522441864,0.6969520449638367,0.4062499403953552,0.001
1.0197149515151978,0.8646003007888794,0.7353433966636658,0.7161501049995422,0.9071877598762512,0.7246991395950317,2.798842668533325,0.7604166865348816,0.52173912525177,0.5,0.7606417536735535,0.45149990916252136,0.001
