loss,accuracy,precision,recall,auc,f1_score,val_loss,val_accuracy,val_precision,val_recall,val_auc,val_f1_score,lr
1.7083876132965088,0.7319504022598267,0.4549125134944916,0.3642241358757019,0.7154421210289001,0.4894554615020752,2.0494613647460938,0.6944444179534912,0.30000001192092896,0.1666666716337204,0.5684157609939575,0.26666662096977234,0.001
1.395159363746643,0.7663131952285767,0.5369003415107727,0.4747145175933838,0.7961336374282837,0.5054160356521606,2.2097997665405273,0.6527777910232544,0.30000001192092896,0.2916666567325592,0.6350952386856079,0.4394840598106384,0.001
1.2301291227340698,0.8013865947723389,0.6202290058135986,0.5301794409751892,0.8386752605438232,0.5725964307785034,2.1144843101501465,0.6944444179534912,0.3857142925262451,0.375,0.678401529788971,0.37797611951828003,0.001
1.1442419290542603,0.7858890891075134,0.5894308686256409,0.4730831980705261,0.8238000273704529,0.527743399143219,2.1393072605133057,0.6701388955116272,0.3380281627178192,0.3333333432674408,0.6684349775314331,0.18897636234760284,0.001
1.1790435314178467,0.7928221821784973,0.5963302850723267,0.5301794409751892,0.8354605436325073,0.561154842376709,2.4031200408935547,0.6805555820465088,0.3611111044883728,0.3611111044883728,0.650784432888031,0.3671874403953552,0.001
1.3749885559082031,0.7728384733200073,0.5520446300506592,0.4845024347305298,0.8050872683525085,0.5188239812850952,2.767230272293091,0.6458333134651184,0.2916666567325592,0.2916666567325592,0.5666474103927612,0.3281249403953552,0.001
