loss,accuracy,precision,recall,auc,f1_score,val_loss,val_accuracy,val_precision,val_recall,val_auc,val_f1_score,lr
1.5841593742370605,0.7634698152542114,0.5356125235557556,0.4051724076271057,0.7766750454902649,0.4776609539985657,1.3913556337356567,0.7013888955116272,0.3055555522441864,0.1527777761220932,0.6286972761154175,0.19400182366371155,0.001
1.3430755138397217,0.7671288847923279,0.5406976938247681,0.4551386535167694,0.7987331748008728,0.49704018235206604,1.2687044143676758,0.7222222089767456,0.40909090638160706,0.25,0.6820666193962097,0.3764002323150635,0.001
1.342058539390564,0.7842577695846558,0.5813953280448914,0.48939642310142517,0.8077923655509949,0.5226812362670898,1.2825409173965454,0.7430555820465088,0.4722222089767456,0.2361111044883728,0.6701388359069824,0.2558574974536896,0.001
1.3868540525436401,0.7601957321166992,0.5231910943984985,0.4600326120853424,0.7937526702880859,0.4932385981082916,1.7836360931396484,0.7222222089767456,0.44117647409439087,0.4166666567325592,0.6314300298690796,0.568548321723938,0.001
1.2810322046279907,0.7883360385894775,0.5890151262283325,0.5073409676551819,0.8210048675537109,0.5458479523658752,1.5858864784240723,0.7083333134651184,0.30000001192092896,0.125,0.5506687164306641,0.17222218215465546,0.001
1.083341360092163,0.7883360385894775,0.5903846025466919,0.5008156895637512,0.8385275602340698,0.5408913493156433,2.811821937561035,0.6458333134651184,0.2857142984867096,0.2777777910232544,0.5173611044883728,0.3769840598106384,0.001
1.2192579507827759,0.7842577695846558,0.5813953280448914,0.48939642310142517,0.8171717524528503,0.5320778489112854,2.917301654815674,0.6666666865348816,0.3181818127632141,0.2916666567325592,0.5153999924659729,0.29608285427093506,0.001
