loss,accuracy,precision,recall,auc,f1_score,val_loss,val_accuracy,val_precision,val_recall,val_auc,val_f1_score,lr
1.6423062086105347,0.765625,0.5368956923484802,0.45474138855934143,0.7558526396751404,0.4935153126716614,1.2830066680908203,0.7395833134651184,0.4285714328289032,0.125,0.6908114552497864,0.32407402992248535,0.001
1.2913349866867065,0.7724306583404541,0.5588865280151367,0.42577487230300903,0.7866504788398743,0.4800875186920166,1.596796989440918,0.7430555820465088,0.46666666865348816,0.1944444477558136,0.6612975597381592,0.25089600682258606,0.001
1.2719268798828125,0.779771625995636,0.5697896480560303,0.48613375425338745,0.8129880428314209,0.5274094343185425,1.753970742225647,0.7395833134651184,0.4693877696990967,0.3194444477558136,0.6558319926261902,0.5031446218490601,0.001
1.1030805110931396,0.7989396452903748,0.6176470518112183,0.5138662457466125,0.8376187682151794,0.5659698843955994,2.0145671367645264,0.6909722089767456,0.37681159377098083,0.3611111044883728,0.5817258358001709,0.4259999394416809,0.001
1.0642070770263672,0.7989396452903748,0.6185770630836487,0.5106036067008972,0.8371353149414062,0.5637900233268738,2.806178092956543,0.6944444179534912,0.3857142925262451,0.375,0.5767747759819031,0.37797611951828003,0.001
1.1192715167999268,0.7981239557266235,0.6068840622901917,0.5464926362037659,0.8448870778083801,0.575158953666687,3.4026949405670166,0.6840277910232544,0.36231884360313416,0.3472222089767456,0.5584812760353088,0.3089999556541443,0.001
