loss,accuracy,precision,recall,auc,f1_score,val_loss,val_accuracy,val_precision,val_recall,val_auc,val_f1_score,lr
1.6081807613372803,0.7087823152542114,0.4070473909378052,0.36099138855934143,0.7049183249473572,0.49126991629600525,1.5859140157699585,0.65625,0.30434781312942505,0.2916666567325592,0.5920138955116272,0.33149993419647217,0.001
1.302682876586914,0.7663131952285767,0.538314163684845,0.45840129256248474,0.7913792133331299,0.49648839235305786,1.248652696609497,0.7361111044883728,0.4642857015132904,0.3611111044883728,0.740129828453064,0.430769145488739,0.001
1.2234512567520142,0.7781403064727783,0.5647279620170593,0.49102774262428284,0.8254109025001526,0.5200790166854858,1.4005258083343506,0.7048611044883728,0.38596490025520325,0.3055555522441864,0.673771858215332,0.32625991106033325,0.001
1.2621314525604248,0.7858890891075134,0.5859375,0.48939642310142517,0.8109081983566284,0.5314685702323914,1.7706574201583862,0.6840277910232544,0.30612245202064514,0.2083333283662796,0.5502829551696777,0.26435238122940063,0.001
1.2699369192123413,0.8001631498336792,0.6162570714950562,0.5318107604980469,0.8350133895874023,0.5728036165237427,1.340360164642334,0.7569444179534912,0.550000011920929,0.1527777761220932,0.6179912686347961,0.1325300931930542,0.001
1.193880558013916,0.779771625995636,0.5722772479057312,0.47145187854766846,0.8236784338951111,0.517052412033081,1.8355047702789307,0.6597222089767456,0.23999999463558197,0.1666666716337204,0.5520511865615845,0.18333329260349274,0.001
1.0725831985473633,0.7977161407470703,0.6186612844467163,0.4975530207157135,0.844698429107666,0.5554108023643494,2.103489875793457,0.6180555820465088,0.19354838132858276,0.1666666716337204,0.5297389030456543,0.28928565979003906,0.001
