loss,accuracy,precision,recall,auc,f1_score,val_loss,val_accuracy,val_precision,val_recall,val_auc,val_f1_score,lr
1.6415860652923584,0.7373383641242981,0.4680272042751312,0.37068966031074524,0.7067242860794067,0.4870924949645996,1.584589958190918,0.6666666865348816,0.30645161867141724,0.2638888955116272,0.5565844178199768,0.2761904299259186,0.001
1.4734097719192505,0.76998370885849,0.5477582812309265,0.45840129256248474,0.7918371558189392,0.4911028742790222,1.6220662593841553,0.7048611044883728,0.11764705926179886,0.02777777798473835,0.4981352686882019,0.11265819519758224,0.001
1.140418291091919,0.7830342650413513,0.5771428346633911,0.49429038166999817,0.8185712099075317,0.5277122855186462,1.4507545232772827,0.7673611044883728,0.692307710647583,0.125,0.565875768661499,0.2163742482662201,0.001
1.2019245624542236,0.7899673581123352,0.5935114622116089,0.5073409676551819,0.836087703704834,0.5506618618965149,1.6181138753890991,0.7013888955116272,0.3055555522441864,0.1527777761220932,0.5466820597648621,0.11702124774456024,0.001
1.1782076358795166,0.7728384733200073,0.5526315569877625,0.4796084761619568,0.8140723705291748,0.5053430795669556,1.633825421333313,0.7256944179534912,0.37037035822868347,0.1388888955116272,0.5274240970611572,0.10989008098840714,0.001
1.1844310760498047,0.7960848212242126,0.6088631749153137,0.5154975652694702,0.8313373923301697,0.559918999671936,2.494612455368042,0.5902777910232544,0.1805555522441864,0.1805555522441864,0.49090149998664856,0.2656249403953552,0.001
1.1107420921325684,0.8001631498336792,0.6108108162879944,0.5530179738998413,0.8439253568649292,0.5758272409439087,3.553917646408081,0.5902777910232544,0.1805555522441864,0.1805555522441864,0.4994213283061981,0.10156247764825821,0.001
1.2478718757629395,0.779771625995636,0.5679702162742615,0.4975530207157135,0.8085149526596069,0.5298261642456055,2.6644446849823,0.5902777910232544,0.1805555522441864,0.1805555522441864,0.5461033582687378,0.15624995529651642,0.001
