loss,accuracy,precision,recall,auc,f1_score,val_loss,val_accuracy,val_precision,val_recall,val_auc,val_f1_score,lr
1.580260992050171,0.7478448152542114,0.4947780668735504,0.4084051847457886,0.728388249874115,0.4699886441230774,1.5231140851974487,0.6875,0.37142857909202576,0.3611111044883728,0.6408821940422058,0.3700396418571472,0.001
1.4547004699707031,0.7585644125938416,0.5199999809265137,0.4453507363796234,0.7817014455795288,0.47907567024230957,1.6797001361846924,0.6805555820465088,0.3611111044883728,0.3611111044883728,0.6401427388191223,0.3124999403953552,0.001
1.2848812341690063,0.7871125340461731,0.5876685976982117,0.4975530207157135,0.8165770173072815,0.5412203073501587,1.8412772417068481,0.6909722089767456,0.3692307770252228,0.3333333432674408,0.6220743656158447,0.3068181276321411,0.001
1.18760085105896,0.7871125340461731,0.5880077481269836,0.49592170119285583,0.8175873756408691,0.5379520654678345,1.9875096082687378,0.6875,0.37142857909202576,0.3611111044883728,0.6546745896339417,0.3700396418571472,0.001
1.1477268934249878,0.7862969040870667,0.5867446660995483,0.49102774262428284,0.8293499946594238,0.532809853553772,1.9985556602478027,0.7222222089767456,0.4444444477558136,0.4444444477558136,0.7274305820465088,0.4140624403953552,0.001
1.1326489448547363,0.7903752326965332,0.5928705334663391,0.5154975652694702,0.8379123210906982,0.5524673461914062,1.7050895690917969,0.7152777910232544,0.4305555522441864,0.4305555522441864,0.7092013955116272,0.4062499403953552,0.001
