loss,accuracy,precision,recall,auc,f1_score,val_loss,val_accuracy,val_precision,val_recall,val_auc,val_f1_score,lr
1.807662844657898,0.7179418206214905,0.42515721917152405,0.3642241358757019,0.6982547640800476,0.46033915877342224,1.4115557670593262,0.6875,0.35483869910240173,0.3055555522441864,0.6471514701843262,0.37261897325515747,0.001
1.4105340242385864,0.7679445147514343,0.5441766977310181,0.4420880973339081,0.7981992363929749,0.4824107587337494,1.3690224885940552,0.6944444179534912,0.3181818127632141,0.1944444477558136,0.6739004850387573,0.2521451711654663,0.001
1.1484007835388184,0.8005709648132324,0.6206225752830505,0.5203915238380432,0.8410206437110901,0.5647539496421814,1.4696797132492065,0.6909722089767456,0.3606557250022888,0.3055555522441864,0.6633229851722717,0.3109242916107178,0.001
1.1720185279846191,0.7981239557266235,0.6121672987937927,0.5252854824066162,0.8256336450576782,0.5658013224601746,1.5258463621139526,0.6875,0.2954545319080353,0.1805555522441864,0.5978330969810486,0.18907557427883148,0.001
1.1184356212615967,0.8022022843360901,0.6240310072898865,0.5252854824066162,0.8405793309211731,0.5713801383972168,1.402136206626892,0.7152777910232544,0.27272728085517883,0.0833333358168602,0.6202738881111145,0.15952377021312714,0.001
1.0723471641540527,0.7969005107879639,0.6143141388893127,0.5040783286094666,0.8412827849388123,0.5588216781616211,1.6456797122955322,0.7222222089767456,0.4375,0.3888888955116272,0.6240676045417786,0.48243552446365356,0.001
1.1717503070831299,0.7973083257675171,0.6111111044883728,0.5203915238380432,0.8453119397163391,0.5645954012870789,1.723105788230896,0.7395833134651184,0.47058823704719543,0.3333333432674408,0.669528067111969,0.35384610295295715,0.001
