loss,accuracy,precision,recall,auc,f1_score,val_loss,val_accuracy,val_precision,val_recall,val_auc,val_f1_score,lr
1.6131572723388672,0.6996228694915771,0.2850574851036072,0.13362069427967072,0.5379226803779602,0.1603798270225525,33.65412521362305,0.6597222089767456,0.3194444477558136,0.3194444477558136,0.5462963581085205,0.2890624403953552,0.001
1.5801516771316528,0.7206361889839172,0.3199999928474426,0.10440456867218018,0.5391831994056702,0.15465402603149414,129.72515869140625,0.6597222089767456,0.3194444477558136,0.3194444477558136,0.5446245074272156,0.3437499403953552,0.001
1.4533849954605103,0.7340946197509766,0.3788819909095764,0.09951060265302658,0.5764108896255493,0.1582447737455368,66.30038452148438,0.5902777910232544,0.1805555522441864,0.1805555522441864,0.45370370149612427,0.15624995529651642,0.001
1.410786747932434,0.7373572587966919,0.3931034505367279,0.09298531711101532,0.5973882675170898,0.1512037068605423,279.7628173828125,0.6666666865348816,0.3333333432674408,0.3333333432674408,0.5555555820465088,0.2968749403953552,0.001
1.363057017326355,0.745106041431427,0.46052631735801697,0.11419249325990677,0.6195858716964722,0.1865333467721939,174.80352783203125,0.5902777910232544,0.1805555522441864,0.1805555522441864,0.45370370149612427,0.10156247764825821,0.001
1.3713668584823608,0.7512235045433044,0.5112782120704651,0.11092985421419144,0.6249709129333496,0.18063946068286896,47.70710372924805,0.5902777910232544,0.1805555522441864,0.1805555522441864,0.45370370149612427,0.21093744039535522,0.001
