loss,accuracy,precision,recall,auc,f1_score,val_loss,val_accuracy,val_precision,val_recall,val_auc,val_f1_score,lr
1.537837266921997,0.6745689511299133,0.19957081973552704,0.10021551698446274,0.4834030866622925,0.09926643967628479,15.120829582214355,0.5555555820465088,0.1111111119389534,0.1111111119389534,0.441325843334198,0.06249997764825821,0.001
1.4671380519866943,0.7320554852485657,0.31355932354927063,0.060358889400959015,0.5574288964271545,0.10611221939325333,138.20355224609375,0.6041666865348816,0.2083333283662796,0.2083333283662796,0.4722222089767456,0.22656244039535522,0.001
1.3624422550201416,0.7438825368881226,0.42424243688583374,0.06851549446582794,0.6194025874137878,0.11679837852716446,78.32965087890625,0.5486111044883728,0.0972222238779068,0.0972222238779068,0.39628341794013977,0.05468747392296791,0.001
1.3202109336853027,0.7540783286094666,0.5462962985038757,0.09624796360731125,0.6426044702529907,0.1614130288362503,19.007408142089844,0.5972222089767456,0.1944444477558136,0.1944444477558136,0.4531249701976776,0.10937497764825821,0.001
1.2889213562011719,0.754893958568573,0.5483871102333069,0.11092985421419144,0.665483295917511,0.18569016456604004,25.46278190612793,0.5902777910232544,0.1805555522441864,0.1805555522441864,0.45370370149612427,0.15624995529651642,0.001
1.2502361536026,0.765089750289917,0.6608695387840271,0.12398042529821396,0.6946630477905273,0.20824885368347168,24.5600528717041,0.6111111044883728,0.2222222238779068,0.2222222238779068,0.48064562678337097,0.23437494039535522,0.001
