loss,accuracy,precision,recall,auc,f1_score,val_loss,val_accuracy,val_precision,val_recall,val_auc,val_f1_score,lr
1.7993695735931396,0.7804418206214905,0.5756358504295349,0.46336206793785095,0.7894042134284973,0.5310627222061157,14.993800163269043,0.7222222089767456,0.4444444477558136,0.4444444477558136,0.6077996492385864,0.3593749403953552,0.001
1.641809344291687,0.8258564472198486,0.6539735198020935,0.6443719267845154,0.8551180958747864,0.6490297317504883,11.450803756713867,0.625,0.25,0.25,0.5192579030990601,0.24999994039535522,0.001
1.3195626735687256,0.8527732491493225,0.7093023061752319,0.6965742111206055,0.893369734287262,0.696054995059967,14.114836692810059,0.6840277910232544,0.3661971688270569,0.3611111044883728,0.6140690445899963,0.47785425186157227,0.001
1.404626727104187,0.8560358881950378,0.7138158082962036,0.7079934477806091,0.8849102854728699,0.7128741145133972,27.43863868713379,0.625,0.25,0.25,0.475019246339798,0.19531244039535522,0.001
1.2884178161621094,0.8674551248550415,0.7392026782035828,0.7259380221366882,0.8993930220603943,0.7349337339401245,41.9617805480957,0.6041666865348816,0.2083333283662796,0.2083333283662796,0.46929654479026794,0.2812499403953552,0.001
1.1213847398757935,0.8703099489212036,0.7422003149986267,0.7373572587966919,0.916022777557373,0.7404353022575378,49.11161804199219,0.6180555820465088,0.2361111044883728,0.2361111044883728,0.4791344702243805,0.24218744039535522,0.001
1.2266366481781006,0.8760195970535278,0.7545304894447327,0.7471451759338379,0.9087360501289368,0.7499633431434631,21.068359375,0.7430555820465088,0.4861111044883728,0.4861111044883728,0.6843814253807068,0.4921874403953552,0.001
