loss,accuracy,precision,recall,auc,f1_score,val_loss,val_accuracy,val_precision,val_recall,val_auc,val_f1_score,lr
1.990085244178772,0.7206357717514038,0.43757158517837524,0.41163793206214905,0.6669440269470215,0.480093389749527,13.153209686279297,0.6736111044883728,0.3472222089767456,0.3472222089767456,0.5832048058509827,0.3593749403953552,0.001
1.7426271438598633,0.8107666969299316,0.624790608882904,0.6084828972816467,0.8416904807090759,0.6171903610229492,16.567094802856445,0.6944444179534912,0.3888888955116272,0.3888888955116272,0.6135866641998291,0.4921874403953552,0.001
1.4303566217422485,0.8352365493774414,0.6738768815994263,0.6606851816177368,0.8713876008987427,0.6702355146408081,38.8914794921875,0.7152777910232544,0.4305555522441864,0.4305555522441864,0.6196630001068115,0.4062499403953552,0.001
1.3071613311767578,0.8584828972816467,0.7194719314575195,0.7112561464309692,0.8924246430397034,0.7136639356613159,23.82037353515625,0.7013888955116272,0.4027777910232544,0.4027777910232544,0.6245819926261902,0.4453124403953552,0.001
1.2303357124328613,0.8621533513069153,0.7280265092849731,0.7161501049995422,0.9063223004341125,0.7197116017341614,30.90717315673828,0.6736111044883728,0.3472222089767456,0.3472222089767456,0.573881208896637,0.1953124701976776,0.001
1.0385407209396362,0.8837683796882629,0.7715231776237488,0.7601957321166992,0.9226389527320862,0.7699878811836243,32.75270462036133,0.6111111044883728,0.2222222238779068,0.2222222238779068,0.4750514328479767,0.23437494039535522,0.001
