loss,accuracy,precision,recall,auc,f1_score,val_loss,val_accuracy,val_precision,val_recall,val_auc,val_f1_score,lr
1.9379016160964966,0.7852909564971924,0.5757225155830383,0.5366379022598267,0.7807775735855103,0.5147241353988647,10.705852508544922,0.7326388955116272,0.4647887349128723,0.4583333432674408,0.6467013955116272,0.5329723954200745,0.001
1.730180025100708,0.824225127696991,0.6516666412353516,0.6378466486930847,0.8496792912483215,0.6459701657295227,18.834426879882812,0.7430555820465088,0.4861111044883728,0.4861111044883728,0.655028223991394,0.4374999403953552,0.001
1.4672939777374268,0.8397226929664612,0.6821191906929016,0.6721044182777405,0.8732101321220398,0.6765997409820557,15.590250968933105,0.7222222089767456,0.4444444477558136,0.4444444477558136,0.6365098357200623,0.4140624403953552,0.001
1.3235570192337036,0.8499184250831604,0.7045075297355652,0.6884176135063171,0.8863730430603027,0.6989893317222595,16.657920837402344,0.7291666865348816,0.4583333432674408,0.4583333432674408,0.6184414029121399,0.2578124701976776,0.001
1.2058961391448975,0.8548123836517334,0.7138103246688843,0.6998368501663208,0.8946129679679871,0.7053052186965942,33.13719177246094,0.6319444179534912,0.2638888955116272,0.2638888955116272,0.5327610373497009,0.20312494039535522,0.001
1.1617673635482788,0.8699021339416504,0.7433775067329407,0.7324633002281189,0.9097690582275391,0.7408544421195984,11.097687721252441,0.7361111044883728,0.4722222089767456,0.4722222089767456,0.6795267462730408,0.4843749403953552,0.001
