loss,accuracy,precision,recall,auc,f1_score,val_loss,val_accuracy,val_precision,val_recall,val_auc,val_f1_score,lr
1.9496729373931885,0.7570043206214905,0.5146067142486572,0.49353447556495667,0.7119693756103516,0.5526606440544128,18.83399200439453,0.6736111044883728,0.3472222089767456,0.3472222089767456,0.573559582233429,0.3046874403953552,0.001
1.8404127359390259,0.8107666969299316,0.6235489249229431,0.6133768558502197,0.8297123312950134,0.617417573928833,18.211421966552734,0.6111111044883728,0.2222222238779068,0.2222222238779068,0.47328317165374756,0.17968745529651642,0.001
1.480473518371582,0.843800961971283,0.692307710647583,0.6753670573234558,0.8712156414985657,0.6847821474075317,34.120582580566406,0.5902777910232544,0.1805555522441864,0.1805555522441864,0.4507458806037903,0.15624995529651642,0.001
1.2891812324523926,0.8654159903526306,0.7331136465072632,0.7259380221366882,0.8998547196388245,0.7305648922920227,12.634763717651367,0.7152777910232544,0.4305555522441864,0.4305555522441864,0.6045202016830444,0.5156249403953552,0.001
1.2992143630981445,0.8621533513069153,0.7272727489471436,0.7177814245223999,0.9002033472061157,0.728333592414856,31.891807556152344,0.6111111044883728,0.2222222238779068,0.2222222238779068,0.48456791043281555,0.23437494039535522,0.001
1.2245723009109497,0.8678629398345947,0.739635169506073,0.7275693416595459,0.9063059091567993,0.7325531244277954,18.381664276123047,0.6944444179534912,0.3888888955116272,0.3888888955116272,0.5897312164306641,0.3828124403953552,0.001
1.091335654258728,0.8678629398345947,0.740432620048523,0.7259380221366882,0.9100878834724426,0.72858726978302,12.9034423828125,0.7118055820465088,0.4225352108478546,0.4166666567325592,0.6038130521774292,0.40009835362434387,0.001
0.9692239165306091,0.8817291855812073,0.7651888132095337,0.7601957321166992,0.9291790723800659,0.7611584067344666,13.119590759277344,0.7291666865348816,0.4583333432674408,0.4583333432674408,0.6733860969543457,0.5312499403953552,0.001
0.9840817451477051,0.8886623382568359,0.7786885499954224,0.774877667427063,0.9288374781608582,0.7713732123374939,13.782379150390625,0.7361111044883728,0.4722222089767456,0.4722222089767456,0.6776300668716431,0.6484374403953552,0.001
