loss,accuracy,precision,recall,auc,f1_score,val_loss,val_accuracy,val_precision,val_recall,val_auc,val_f1_score,lr
1.8683116436004639,0.7623922228813171,0.5264977216720581,0.4924568831920624,0.7309523224830627,0.5267794728279114,13.779041290283203,0.7222222089767456,0.4444444477558136,0.4444444477558136,0.6162229776382446,0.5781249403953552,0.001
1.9339615106582642,0.8205546736717224,0.6434494256973267,0.6329526901245117,0.8325539827346802,0.6342657208442688,15.029359817504883,0.6944444179534912,0.3888888955116272,0.3888888955116272,0.6174768209457397,0.3828124403953552,0.001
1.8089832067489624,0.8278955817222595,0.6578512191772461,0.6492658853530884,0.8481887578964233,0.6548153758049011,14.439786911010742,0.6944444179534912,0.3888888955116272,0.3888888955116272,0.6115611791610718,0.3281249403953552,0.001
1.614372730255127,0.8344208598136902,0.671074390411377,0.6623165011405945,0.8641424775123596,0.6666008234024048,13.961071014404297,0.7638888955116272,0.5277777910232544,0.5277777910232544,0.6982381939888,0.4609374403953552,0.001
1.4417427778244019,0.8650081753730774,0.7326732873916626,0.7243067026138306,0.8938611745834351,0.7314125299453735,28.27427864074707,0.7152777910232544,0.4305555522441864,0.4305555522441864,0.632394552230835,0.2968749403953552,0.001
1.0629823207855225,0.8800978660583496,0.761904776096344,0.7569330930709839,0.9175690412521362,0.756955087184906,19.979536056518555,0.7013888955116272,0.4027777910232544,0.4027777910232544,0.6047132611274719,0.3906249403953552,0.001
