loss,accuracy,precision,recall,auc,f1_score,val_loss,val_accuracy,val_precision,val_recall,val_auc,val_f1_score,lr
2.6494412422180176,0.787715494632721,0.5790067911148071,0.5528017282485962,0.7895294427871704,0.47927361726760864,8.769428253173828,0.6388888955116272,0.2777777910232544,0.2777777910232544,0.545138955116272,0.3203124403953552,0.001
2.8470847606658936,0.8017944693565369,0.6053068041801453,0.5954322814941406,0.8041350841522217,0.6044043898582458,6.1240153312683105,0.7048611044883728,0.4084506928920746,0.4027777910232544,0.6288580894470215,0.33759835362434387,0.001
2.639557123184204,0.8303425908088684,0.6622734665870667,0.655791163444519,0.8238345980644226,0.6607382297515869,1.8224493265151978,0.8263888955116272,0.6527777910232544,0.6527777910232544,0.8328510522842407,0.6953124403953552,0.001
2.0769617557525635,0.8356443643569946,0.6726973652839661,0.6672104597091675,0.8627059459686279,0.6792814135551453,3.188276529312134,0.7708333134651184,0.5416666865348816,0.5416666865348816,0.783146858215332,0.4687499403953552,0.001
1.904431939125061,0.8621533513069153,0.7257799506187439,0.7210440635681152,0.8859774470329285,0.7226324677467346,1.9760271310806274,0.8402777910232544,0.6805555820465088,0.6805555820465088,0.8658693432807922,0.7109374403953552,0.001
1.8898919820785522,0.8694943189620972,0.7397708892822266,0.7373572587966919,0.8780599236488342,0.7403985261917114,2.4634857177734375,0.7916666865348816,0.5833333134651184,0.5833333134651184,0.8149113059043884,0.6015624403953552,0.001
1.280563235282898,0.8902936577796936,0.7810457348823547,0.779771625995636,0.9211247563362122,0.7794035077095032,2.1467716693878174,0.7986111044883728,0.5972222089767456,0.5972222089767456,0.8276427388191223,0.4999999403953552,0.001
1.7388437986373901,0.8849918246269226,0.7717570066452026,0.7667210698127747,0.9002742767333984,0.7686352729797363,2.236288547515869,0.8298611044883728,0.6619718074798584,0.6527777910232544,0.8339121341705322,0.7524605989456177,0.001
