loss,accuracy,precision,recall,auc,f1_score,val_loss,val_accuracy,val_precision,val_recall,val_auc,val_f1_score,lr
3.2250161170959473,0.774784505367279,0.5518018007278442,0.5280172228813171,0.7587659955024719,0.4857564866542816,4.328686237335205,0.7048611044883728,0.4084506928920746,0.4027777910232544,0.6657021641731262,0.44685032963752747,0.001
3.0272088050842285,0.8054649233818054,0.61147540807724,0.6084828972816467,0.800053060054779,0.6108360290527344,3.0829081535339355,0.7569444179534912,0.5147058963775635,0.4861111044883728,0.7333462238311768,0.5146666169166565,0.001
2.4873769283294678,0.8368678689002991,0.6754530668258667,0.6688417792320251,0.8407136797904968,0.6766146421432495,4.71378231048584,0.7222222089767456,0.4444444477558136,0.4444444477558136,0.665380597114563,0.4140624403953552,0.001
1.8044660091400146,0.8556280732154846,0.7133443355560303,0.7063621282577515,0.8804437518119812,0.7107373476028442,5.080960273742676,0.6875,0.375,0.375,0.6330375075340271,0.3203124403953552,0.001
1.9454476833343506,0.8560358881950378,0.7131147384643555,0.7096247673034668,0.8718636631965637,0.71448814868927,3.1387500762939453,0.7430555820465088,0.4861111044883728,0.4861111044883728,0.7551118731498718,0.5468749403953552,0.001
1.727548599243164,0.8768352270126343,0.7545008063316345,0.7520391345024109,0.8936349749565125,0.7510157823562622,4.403904438018799,0.7465277910232544,0.49295774102211,0.4861111044883728,0.7153420448303223,0.4940944314002991,0.001
1.7459149360656738,0.8743882775306702,0.7495908141136169,0.7471451759338379,0.8972760438919067,0.7487317323684692,4.17786979675293,0.7430555820465088,0.48571428656578064,0.4722222089767456,0.7129307985305786,0.5426586866378784,0.001
