loss,accuracy,precision,recall,auc,f1_score,val_loss,val_accuracy,val_precision,val_recall,val_auc,val_f1_score,lr
1.610723614692688,0.693965494632721,0.3638743460178375,0.29956895112991333,0.6587399840354919,0.37601417303085327,2.4691872596740723,0.7326388955116272,0.0,0.0,0.5582240223884583,0.0,0.001
1.2166545391082764,0.7773246169090271,0.5756207704544067,0.41598695516586304,0.8057161569595337,0.47705116868019104,2.898918867111206,0.6458333134651184,0.2916666567325592,0.2916666567325592,0.5360724925994873,0.21874994039535522,0.001
1.110257863998413,0.7850733995437622,0.6028708219528198,0.41109299659729004,0.809269368648529,0.494834840297699,2.2888410091400146,0.6215277910232544,0.23188406229019165,0.2222222238779068,0.5368120074272156,0.24444440007209778,0.001
1.0883244276046753,0.784665584564209,0.5959367752075195,0.43066883087158203,0.811263918876648,0.4974442422389984,1.9053916931152344,0.6805555820465088,0.25,0.1388888955116272,0.5987975597381592,0.09900987893342972,0.001
1.1521271467208862,0.7691680192947388,0.5507559180259705,0.41598695516586304,0.7918952703475952,0.46890100836753845,2.3749465942382812,0.6319444179534912,0.2571428716182709,0.25,0.5783500075340271,0.2519840598106384,0.001
1.0809009075164795,0.7830342650413513,0.6000000238418579,0.39641109108924866,0.8084670305252075,0.46699008345603943,2.5677850246429443,0.6319444179534912,0.2571428716182709,0.25,0.5839119553565979,0.19742059707641602,0.001
1.026949405670166,0.7818107604980469,0.5859031081199646,0.43393146991729736,0.819963812828064,0.4970609247684479,2.139234781265259,0.6388888955116272,0.27142858505249023,0.2638888955116272,0.5825294852256775,0.20839892327785492,0.001
0.9971575140953064,0.7867047190666199,0.6022727489471436,0.4323001503944397,0.8231698274612427,0.5071144104003906,2.476480484008789,0.6111111044883728,0.2222222238779068,0.2222222238779068,0.571180522441864,0.23437494039535522,0.001
1.0744365453720093,0.7875204086303711,0.6040723919868469,0.4355628192424774,0.8145673871040344,0.5061624050140381,2.6887009143829346,0.6076388955116272,0.2112676054239273,0.2083333283662796,0.5452032089233398,0.17273618280887604,0.001
