loss,accuracy,precision,recall,auc,f1_score,val_loss,val_accuracy,val_precision,val_recall,val_auc,val_f1_score,lr
1.7410669326782227,0.693696141242981,0.366538941860199,0.3092672526836395,0.6598879098892212,0.37959975004196167,2.4538419246673584,0.7013888955116272,0.3055555522441864,0.1527777761220932,0.5437564253807068,0.11458330601453781,0.001
1.3009828329086304,0.769575834274292,0.5594059228897095,0.36867862939834595,0.7951059341430664,0.44710126519203186,3.0770747661590576,0.6215277910232544,0.2238806039094925,0.2083333283662796,0.5177790522575378,0.18342852592468262,0.001
1.190775752067566,0.7769168019294739,0.5833333134651184,0.3768352270126343,0.7842969298362732,0.4643990397453308,1.4989655017852783,0.7326388955116272,0.4137931168079376,0.1666666716337204,0.6405285000801086,0.13333332538604736,0.001
1.096579670906067,0.7785481214523315,0.5770925283432007,0.4274061918258667,0.814350426197052,0.48907676339149475,1.4373087882995605,0.7291666865348816,0.4117647111415863,0.1944444477558136,0.6868569850921631,0.22775116562843323,0.001
1.1124159097671509,0.7891517281532288,0.6061946749687195,0.4469820559024811,0.8229005932807922,0.5140835046768188,1.7271469831466675,0.6770833134651184,0.2857142984867096,0.1944444477558136,0.6050668954849243,0.20259934663772583,0.001
1.050856351852417,0.7842577695846558,0.5905172228813171,0.4469820559024811,0.819922149181366,0.5035845041275024,1.6380358934402466,0.6527777910232544,0.28787878155708313,0.2638888955116272,0.6233925223350525,0.21004092693328857,0.001
1.0603280067443848,0.7960848212242126,0.6374695897102356,0.4274061918258667,0.8151102662086487,0.5124865174293518,2.073636054992676,0.6041666865348816,0.2083333283662796,0.2083333283662796,0.5611175298690796,0.17187495529651642,0.001
1.134099006652832,0.759787917137146,0.5254237055778503,0.404567688703537,0.7953082919120789,0.46233922243118286,2.478346824645996,0.6145833134651184,0.20895522832870483,0.1944444477558136,0.5410880446434021,0.2769308388233185,0.001
1.0927577018737793,0.7867047190666199,0.5978260636329651,0.44861337542533875,0.8171213269233704,0.5105819702148438,2.5663199424743652,0.6597222089767456,0.3194444477558136,0.3194444477558136,0.6123649477958679,0.2890624403953552,0.001
