loss,accuracy,precision,recall,auc,f1_score,val_loss,val_accuracy,val_precision,val_recall,val_auc,val_f1_score,lr
1.3933312892913818,0.6996228694915771,0.3713892698287964,0.2909482717514038,0.6337836384773254,0.3898898959159851,2.4083242416381836,0.6527777910232544,0.30000001192092896,0.2916666567325592,0.5382587909698486,0.22123008966445923,0.001
1.1332615613937378,0.7667210698127747,0.551898717880249,0.3556280732154846,0.7961336374282837,0.43455758690834045,1.6971333026885986,0.6701388955116272,0.3283582031726837,0.3055555522441864,0.5956146717071533,0.23323166370391846,0.001
1.1519639492034912,0.7773246169090271,0.5660749673843384,0.4681892395019531,0.8064985871315002,0.5073596239089966,2.127898931503296,0.6736111044883728,0.3382352888584137,0.3194444477558136,0.6219457387924194,0.40322571992874146,0.001
1.0256017446517944,0.7830342650413513,0.597122311592102,0.40619900822639465,0.8149439096450806,0.4774360656738281,1.6794112920761108,0.6909722089767456,0.37681159377098083,0.3611111044883728,0.6670846343040466,0.33183348178863525,0.001
1.073549747467041,0.7879282236099243,0.6017505526542664,0.44861337542533875,0.8109415173530579,0.5144782066345215,1.7434605360031128,0.6909722089767456,0.3191489279270172,0.2083333283662796,0.6097286343574524,0.3904761075973511,0.001
1.1407313346862793,0.7805872559547424,0.5831485390663147,0.42903751134872437,0.799091100692749,0.48873239755630493,1.9388936758041382,0.6944444179534912,0.38235294818878174,0.3611111044883728,0.6677277088165283,0.5013332962989807,0.001
1.0574560165405273,0.7850733995437622,0.5959821343421936,0.4355628192424774,0.817595362663269,0.500190258026123,1.7020671367645264,0.6909722089767456,0.3692307770252228,0.3333333432674408,0.6729680895805359,0.25519120693206787,0.001
1.0309816598892212,0.7940456867218018,0.6148936152458191,0.47145187854766846,0.8299176096916199,0.5341070890426636,1.8848520517349243,0.6840277910232544,0.35384616255760193,0.3194444477558136,0.6598508358001709,0.2469944804906845,0.001
1.0908645391464233,0.7818107604980469,0.5882353186607361,0.42414355278015137,0.8121626377105713,0.48789724707603455,2.4462907314300537,0.6805555820465088,0.3484848439693451,0.3194444477558136,0.6187307238578796,0.4600409269332886,0.001
