loss,accuracy,precision,recall,auc,f1_score,val_loss,val_accuracy,val_precision,val_recall,val_auc,val_f1_score,lr
1.4898402690887451,0.7268319129943848,0.4338461458683014,0.3038793206214905,0.6816478967666626,0.370892733335495,2.356480598449707,0.625,0.21875,0.1944444477558136,0.5159786939620972,0.23250684142112732,0.001
1.277306318283081,0.7536704540252686,0.5088408589363098,0.4225122332572937,0.7807727456092834,0.46086588501930237,1.3956553936004639,0.7534722089767456,0.5555555820465088,0.0694444477558136,0.6510416269302368,0.166666641831398,0.001
1.1708862781524658,0.7777324914932251,0.5769230723381042,0.41598695516586304,0.7974992990493774,0.4867627024650574,1.9192662239074707,0.6944444179534912,0.3333333432674408,0.2222222238779068,0.5949073433876038,0.2749325633049011,0.001
1.1375994682312012,0.7691680192947388,0.5488565564155579,0.43066883087158203,0.8005392551422119,0.4794570505619049,2.120361804962158,0.6944444179534912,0.3333333432674408,0.2222222238779068,0.5861946940422058,0.21710993349552155,0.001
1.1539666652679443,0.7638662457466125,0.5335968136787415,0.4404567778110504,0.7978811264038086,0.48396459221839905,1.9104156494140625,0.7013888955116272,0.0625,0.013888888992369175,0.5901170372962952,0.012986999936401844,0.001
1.0055228471755981,0.7858890891075134,0.6047618985176086,0.41435563564300537,0.823806643486023,0.488930881023407,2.2250022888183594,0.625,0.25,0.25,0.5903420448303223,0.1406249701976776,0.001
1.1459547281265259,0.7838498950004578,0.5920177102088928,0.4355628192424774,0.799994170665741,0.49697670340538025,1.915815830230713,0.6493055820465088,0.2698412835597992,0.2361111044883728,0.6130722761154175,0.19999995827674866,0.001
