loss,accuracy,precision,recall,auc,f1_score,val_loss,val_accuracy,val_precision,val_recall,val_auc,val_f1_score,lr
1.916142463684082,0.6883081793785095,0.35414013266563416,0.29956895112991333,0.6540389060974121,0.36337390542030334,2.8256771564483643,0.6145833134651184,0.21739129722118378,0.2083333283662796,0.5048868060112,0.23650789260864258,0.001
1.2336561679840088,0.7850733995437622,0.606965184211731,0.3980424106121063,0.8117979764938354,0.47064971923828125,3.7393319606781006,0.6145833134651184,0.22535210847854614,0.2222222238779068,0.4981031119823456,0.18061019480228424,0.001
1.1472384929656982,0.7769168019294739,0.5901639461517334,0.3523654043674469,0.7933961153030396,0.43794551491737366,2.9609968662261963,0.6388888955116272,0.27142858505249023,0.2638888955116272,0.5573238134384155,0.259920597076416,0.001
1.1164289712905884,0.7752854824066162,0.5794872045516968,0.36867862939834595,0.7913935780525208,0.4530220627784729,3.4182634353637695,0.625,0.25,0.25,0.5405734777450562,0.24999994039535522,0.001
1.0573755502700806,0.794453501701355,0.6332518458366394,0.4225122332572937,0.8163684606552124,0.5001916289329529,3.3776752948760986,0.6111111044883728,0.2222222238779068,0.2222222238779068,0.5333076119422913,0.2890624403953552,0.001
1.0767123699188232,0.7899673581123352,0.6161137223243713,0.42414355278015137,0.8227199912071228,0.5006882548332214,4.054389476776123,0.6111111044883728,0.2222222238779068,0.2222222238779068,0.49942126870155334,0.17968745529651642,0.001
