loss,accuracy,precision,recall,auc,f1_score,val_loss,val_accuracy,val_precision,val_recall,val_auc,val_f1_score,lr
1.6420122385025024,0.7602370977401733,0.5239294767379761,0.4482758641242981,0.7669550776481628,0.4544038772583008,6.923312664031982,0.6875,0.375,0.375,0.6049061417579651,0.3203124403953552,0.001
1.20003342628479,0.809135377407074,0.6278659701347351,0.5807504057884216,0.854682445526123,0.606306791305542,19.550947189331055,0.7222222089767456,0.4444444477558136,0.4444444477558136,0.6532600522041321,0.4140624403953552,0.001
1.1020944118499756,0.8299347758293152,0.6713286638259888,0.626427412033081,0.8742605447769165,0.6450830698013306,14.99969482421875,0.6666666865348816,0.3333333432674408,0.3333333432674408,0.5685120820999146,0.2968749403953552,0.001
0.9761339426040649,0.8478792905807495,0.7033898234367371,0.6769983768463135,0.8970112204551697,0.695321798324585,16.19984245300293,0.7291666865348816,0.4583333432674408,0.4583333432674408,0.668338418006897,0.4218749403953552,0.001
0.8967429399490356,0.8621533513069153,0.7334465384483337,0.7047308087348938,0.9094160199165344,0.7246678471565247,15.819561004638672,0.7291666865348816,0.4583333432674408,0.4583333432674408,0.6556069850921631,0.5312499403953552,0.001
1.143317461013794,0.8348287343978882,0.6750841736793518,0.6541598439216614,0.883581280708313,0.67034512758255,15.837899208068848,0.75,0.5,0.5,0.672903835773468,0.4453124403953552,0.001
