loss,accuracy,precision,recall,auc,f1_score,val_loss,val_accuracy,val_precision,val_recall,val_auc,val_f1_score,lr
1.7441717386245728,0.7586206793785095,0.5187353491783142,0.4773706793785095,0.7301259636878967,0.4643314778804779,5.465716361999512,0.6979166865348816,0.3913043439388275,0.375,0.6649305820465088,0.331745982170105,0.001
1.3758095502853394,0.8103588819503784,0.6293706297874451,0.5872756838798523,0.8419557809829712,0.6059802174568176,11.400050163269043,0.6979166865348816,0.39436620473861694,0.3888888955116272,0.6012087464332581,0.27509835362434387,0.001
1.1811308860778809,0.8197389841079712,0.6461538672447205,0.6166394948959351,0.861509382724762,0.6245695352554321,19.231828689575195,0.6944444179534912,0.3888888955116272,0.3888888955116272,0.5877379775047302,0.3828124403953552,0.001
1.1556411981582642,0.8274877667427063,0.6610169410705566,0.636215329170227,0.8668849468231201,0.6444099545478821,17.414175033569336,0.7013888955116272,0.4027777910232544,0.4027777910232544,0.5979938507080078,0.3359374403953552,0.001
0.9593935012817383,0.8507341146469116,0.7103918194770813,0.6802610158920288,0.9013658165931702,0.6958634257316589,12.19969654083252,0.7291666865348816,0.4583333432674408,0.4583333432674408,0.6486304998397827,0.3124999403953552,0.001
1.0223642587661743,0.8584828972816467,0.7301037907600403,0.6884176135063171,0.8940612077713013,0.7092152237892151,13.05076789855957,0.6527777910232544,0.3055555522441864,0.3055555522441864,0.5643326044082642,0.2812499403953552,0.001
