loss,accuracy,precision,recall,auc,f1_score,val_loss,val_accuracy,val_precision,val_recall,val_auc,val_f1_score,lr
1.9212943315505981,0.7319504022598267,0.46044865250587463,0.42025861144065857,0.6861748099327087,0.42000094056129456,6.076013565063477,0.7430555820465088,0.4861111044883728,0.4861111044883728,0.6758615970611572,0.4374999403953552,0.001
1.2907307147979736,0.8119902014732361,0.630584180355072,0.598694920539856,0.8468585014343262,0.6113864183425903,7.0669145584106445,0.7291666865348816,0.4583333432674408,0.4583333432674408,0.6758615970611572,0.4765624403953552,0.001
1.3117637634277344,0.8115823864936829,0.6290598511695862,0.6003262400627136,0.8545057773590088,0.6126038432121277,12.201512336730957,0.7291666865348816,0.4583333432674408,0.4583333432674408,0.6620049476623535,0.4218749403953552,0.001
1.0508997440338135,0.8417618274688721,0.6897132992744446,0.6672104597091675,0.8853591084480286,0.676297664642334,12.812557220458984,0.7569444179534912,0.5138888955116272,0.5138888955116272,0.6909400820732117,0.4531249403953552,0.001
0.9482350945472717,0.8503262400627136,0.7113401889801025,0.6753670573234558,0.8997980356216431,0.6941344738006592,12.692310333251953,0.7222222089767456,0.4444444477558136,0.4444444477558136,0.644965410232544,0.4140624403953552,0.001
1.0795587301254272,0.8360521793365479,0.6773109436035156,0.6574224829673767,0.8872015476226807,0.6666269898414612,16.835481643676758,0.7152777910232544,0.4305555522441864,0.4305555522441864,0.6449330449104309,0.4062499403953552,0.001
