loss,accuracy,precision,recall,auc,f1_score,val_loss,val_accuracy,val_precision,val_recall,val_auc,val_f1_score,lr
1.6053264141082764,0.7168642282485962,0.4265232980251312,0.3846982717514038,0.6451863646507263,0.4589312970638275,5.821939468383789,0.7152777910232544,0.4305555522441864,0.4305555522441864,0.694251537322998,0.4609374403953552,0.001
1.185147762298584,0.819331169128418,0.6450511813163757,0.6166394948959351,0.8643506169319153,0.6299800276756287,15.987407684326172,0.6770833134651184,0.35211268067359924,0.3472222089767456,0.5871591567993164,0.5246062278747559,0.001
1.185747742652893,0.8352365493774414,0.6768189668655396,0.6525285243988037,0.8743342161178589,0.6646231412887573,35.46571731567383,0.6458333134651184,0.2916666567325592,0.2916666567325592,0.5304141044616699,0.21874994039535522,0.001
1.091173768043518,0.8466557860374451,0.7011884450912476,0.6737357378005981,0.8842782378196716,0.694429874420166,30.18436622619629,0.6875,0.375,0.375,0.5775462985038757,0.3749999403953552,0.001
1.2216830253601074,0.844208836555481,0.6947723627090454,0.6721044182777405,0.8789540529251099,0.6877955198287964,15.874385833740234,0.7361111044883728,0.4722222089767456,0.4722222089767456,0.6353524327278137,0.4296874403953552,0.001
1.2226462364196777,0.8405383229255676,0.6868686676025391,0.6655791401863098,0.8784439563751221,0.6700463891029358,16.926349639892578,0.7083333134651184,0.4166666567325592,0.4166666567325592,0.6238426566123962,0.4531249403953552,0.001
