loss,accuracy,precision,recall,auc,f1_score,val_loss,val_accuracy,val_precision,val_recall,val_auc,val_f1_score,lr
1.7751173973083496,0.767241358757019,0.5375586748123169,0.49353447556495667,0.7511561512947083,0.4656851291656494,7.6731414794921875,0.7222222089767456,0.4444444477558136,0.4444444477558136,0.668499231338501,0.2499999701976776,0.001
1.2848166227340698,0.8119902014732361,0.6324042081832886,0.5921696424484253,0.8499605655670166,0.6127417683601379,22.988039016723633,0.6388888955116272,0.2777777910232544,0.2777777910232544,0.5331469178199768,0.21093744039535522,0.001
1.3479200601577759,0.8156606554985046,0.63667231798172,0.6117455363273621,0.8556374311447144,0.6222661137580872,26.44298553466797,0.6944444179534912,0.3888888955116272,0.3888888955116272,0.5920782089233398,0.3828124403953552,0.001
1.0587760210037231,0.8478792905807495,0.7047781348228455,0.6737357378005981,0.8891308903694153,0.6891205310821533,5.641019821166992,0.7326388955116272,0.4647887349128723,0.4583333432674408,0.7082690596580505,0.5329723954200745,0.001
1.1180808544158936,0.8307504057884216,0.6701030731201172,0.636215329170227,0.8814993500709534,0.6515360474586487,8.818800926208496,0.7430555820465088,0.4861111044883728,0.4861111044883728,0.6710711717605591,0.5468749403953552,0.001
1.1311756372451782,0.8307504057884216,0.6672297120094299,0.6443719267845154,0.8807822465896606,0.6520880460739136,9.805075645446777,0.7222222089767456,0.4444444477558136,0.4444444477558136,0.6529064774513245,0.4140624403953552,0.001
1.0329325199127197,0.8466557860374451,0.7032589912414551,0.6688417792320251,0.893555223941803,0.6827645301818848,9.369510650634766,0.7430555820465088,0.4861111044883728,0.4861111044883728,0.677051305770874,0.6015624403953552,0.001
0.9790805578231812,0.8588907122612,0.728987991809845,0.6933115720748901,0.9014372825622559,0.7087649703025818,13.218542098999023,0.7569444179534912,0.5138888955116272,0.5138888955116272,0.6581469178199768,0.3984374403953552,0.001
0.9770276546478271,0.8576672077178955,0.7244898080825806,0.6949428915977478,0.9081958532333374,0.7096520662307739,17.710588455200195,0.7152777910232544,0.4305555522441864,0.4305555522441864,0.6234246492385864,0.4062499403953552,0.001
