loss,accuracy,precision,recall,auc,f1_score,val_loss,val_accuracy,val_precision,val_recall,val_auc,val_f1_score,lr
2.0461831092834473,0.7338362336158752,0.46543779969215393,0.4353448152542114,0.6786710619926453,0.4473332464694977,7.696064472198486,0.7083333134651184,0.4166666567325592,0.4166666567325592,0.6214314103126526,0.4531249403953552,0.001
1.2005549669265747,0.8209624886512756,0.6494845151901245,0.6166394948959351,0.8596370220184326,0.6254507303237915,17.86322593688965,0.7361111044883728,0.4722222089767456,0.4722222089767456,0.6456083059310913,0.3749999403953552,0.001
1.138932466506958,0.8185154795646667,0.6428571343421936,0.6166394948959351,0.8670459985733032,0.6313780546188354,5.180041790008545,0.75,0.5,0.5,0.7320280075073242,0.3906249403953552,0.001
1.0114524364471436,0.8499184250831604,0.7038269639015198,0.6900489330291748,0.8927426934242249,0.6918925642967224,16.6268253326416,0.7430555820465088,0.4861111044883728,0.4861111044883728,0.6525205373764038,0.4921874403953552,0.001
1.0303043127059937,0.8356443643569946,0.6785714030265808,0.650897204875946,0.8922321200370789,0.6647313237190247,16.852983474731445,0.7361111044883728,0.4722222089767456,0.4722222089767456,0.648019552230835,0.5390624403953552,0.001
1.0484163761138916,0.849102795124054,0.7048903703689575,0.6818923354148865,0.8933342099189758,0.6939769387245178,25.95815658569336,0.6805555820465088,0.3611111044883728,0.3611111044883728,0.5869020819664001,0.3671874403953552,0.001
1.1057162284851074,0.83890700340271,0.6841216087341309,0.6606851816177368,0.8869873285293579,0.6738020181655884,20.234493255615234,0.7083333134651184,0.4166666567325592,0.4166666567325592,0.6300154328346252,0.3984374403953552,0.001
1.0493744611740112,0.8548123836517334,0.7174280881881714,0.6916802525520325,0.9008166790008545,0.7065891623497009,30.398536682128906,0.6805555820465088,0.3611111044883728,0.3611111044883728,0.5803754925727844,0.4765624403953552,0.001
