loss,accuracy,precision,recall,auc,f1_score,val_loss,val_accuracy,val_precision,val_recall,val_auc,val_f1_score,lr
1.981371283531189,0.7489224076271057,0.49770641326904297,0.4676724076271057,0.7253262996673584,0.44497209787368774,7.89432430267334,0.7118055820465088,0.4225352108478546,0.4166666567325592,0.6131365299224854,0.34547239542007446,0.001
1.2363485097885132,0.8099510669708252,0.6260720491409302,0.5954322814941406,0.8531526327133179,0.6076792478561401,10.465171813964844,0.7083333134651184,0.4166666567325592,0.4166666567325592,0.6247749924659729,0.3437499403953552,0.001
1.1058290004730225,0.8185154795646667,0.6458333134651184,0.6068515777587891,0.8742565512657166,0.6198374032974243,14.13437557220459,0.7361111044883728,0.4722222089767456,0.4722222089767456,0.6700103878974915,0.5937499403953552,0.001
1.1251308917999268,0.8311582207679749,0.6700854897499084,0.6394779682159424,0.8734115958213806,0.6524807810783386,14.57010269165039,0.7361111044883728,0.4722222089767456,0.4722222089767456,0.6567323207855225,0.5390624403953552,0.001
1.1533904075622559,0.843800961971283,0.6936026811599731,0.6721044182777405,0.882633626461029,0.6805092096328735,11.95384407043457,0.7430555820465088,0.4861111044883728,0.4861111044883728,0.6657986044883728,0.3828124403953552,0.001
1.0799057483673096,0.8482871055603027,0.7032040357589722,0.6802610158920288,0.8904818892478943,0.6921139359474182,9.63964557647705,0.7430555820465088,0.4861111044883728,0.4861111044883728,0.6833204627037048,0.5468749403953552,0.001
