loss,accuracy,precision,recall,auc,f1_score,val_loss,val_accuracy,val_precision,val_recall,val_auc,val_f1_score,lr
2.0529513359069824,0.7365301847457886,0.4706572890281677,0.43211206793785095,0.6964825391769409,0.43320924043655396,6.322290897369385,0.7222222089767456,0.4444444477558136,0.4444444477558136,0.6600115299224854,0.4140624403953552,0.001
1.3045796155929565,0.8062806129455566,0.6197916865348816,0.5823817253112793,0.8422862887382507,0.6013922095298767,9.804765701293945,0.7361111044883728,0.4722222089767456,0.4722222089767456,0.6751864552497864,0.6484374403953552,0.001
1.1378003358840942,0.8148450255393982,0.6382608413696289,0.598694920539856,0.8640010952949524,0.6147156953811646,13.187142372131348,0.7083333134651184,0.4166666567325592,0.4166666567325592,0.6347736716270447,0.5078124403953552,0.001
1.0191456079483032,0.8401305079460144,0.6895368695259094,0.655791163444519,0.8875812888145447,0.664089024066925,13.846352577209473,0.7222222089767456,0.4444444477558136,0.4444444477558136,0.672485888004303,0.4687499403953552,0.001
0.8657300472259521,0.8544045686721802,0.7253521084785461,0.6721044182777405,0.902777910232544,0.698864758014679,15.168132781982422,0.7222222089767456,0.4444444477558136,0.4444444477558136,0.6594650149345398,0.4140624403953552,0.001
0.9486802816390991,0.8446166515350342,0.699999988079071,0.6623165011405945,0.8987827301025391,0.6764761209487915,9.530333518981934,0.7152777910232544,0.4305555522441864,0.4305555522441864,0.6450939774513245,0.5156249403953552,0.001
