loss,accuracy,precision,recall,auc,f1_score,val_loss,val_accuracy,val_precision,val_recall,val_auc,val_f1_score,lr
1.769000768661499,0.7586206793785095,0.518823504447937,0.47521552443504333,0.744330644607544,0.4352293908596039,8.589668273925781,0.7048611044883728,0.4084506928920746,0.4027777910232544,0.6159979104995728,0.33759835362434387,0.001
1.308226466178894,0.7981239557266235,0.6017241477966309,0.569331169128418,0.8344355225563049,0.5845538377761841,23.377960205078125,0.7291666865348816,0.4583333432674408,0.4583333432674408,0.6450938582420349,0.4218749403953552,0.001
1.1270740032196045,0.8278955817222595,0.6638078689575195,0.631321370601654,0.8762786388397217,0.6495181918144226,24.499313354492188,0.7291666865348816,0.4583333432674408,0.4583333432674408,0.645479679107666,0.3671874403953552,0.001
1.0788196325302124,0.83890700340271,0.6847457885742188,0.6590538620948792,0.8839902877807617,0.6655288934707642,18.62225341796875,0.7083333134651184,0.4166666567325592,0.4166666567325592,0.6310120820999146,0.4531249403953552,0.001
1.041061282157898,0.8348287343978882,0.6805555820465088,0.6394779682159424,0.8880836963653564,0.6635373830795288,17.59563446044922,0.71875,0.43661972880363464,0.4305555522441864,0.6287293434143066,0.41874992847442627,0.001
1.0305424928665161,0.8462479710578918,0.7006802558898926,0.6721044182777405,0.8949872851371765,0.6815003752708435,24.685874938964844,0.7152777910232544,0.4305555522441864,0.4305555522441864,0.6405607461929321,0.4609374403953552,0.001
