loss,accuracy,precision,recall,auc,f1_score,val_loss,val_accuracy,val_precision,val_recall,val_auc,val_f1_score,lr
1.5980981588363647,0.7572737336158752,0.516284704208374,0.4612068831920624,0.733725905418396,0.460806280374527,5.566666603088379,0.7013888955116272,0.4027777910232544,0.4027777910232544,0.6404321193695068,0.3906249403953552,0.001
1.3541080951690674,0.8050571084022522,0.6153846383094788,0.5872756838798523,0.8368452191352844,0.6027933955192566,10.487089157104492,0.6805555820465088,0.3611111044883728,0.3611111044883728,0.616126537322998,0.4218749403953552,0.001
1.1549735069274902,0.8311582207679749,0.6689304113388062,0.6427406072616577,0.8802403211593628,0.6480592489242554,9.942729949951172,0.7291666865348816,0.4583333432674408,0.4583333432674408,0.6835454702377319,0.3671874403953552,0.001
1.1676976680755615,0.8356443643569946,0.6773648858070374,0.6541598439216614,0.875618577003479,0.662917971611023,22.283409118652344,0.6875,0.375,0.375,0.5726916193962097,0.3203124403953552,0.001
1.1483711004257202,0.8470636010169983,0.703071653842926,0.6721044182777405,0.8790773153305054,0.6923004388809204,15.606240272521973,0.7083333134651184,0.4166666567325592,0.4166666567325592,0.6216241717338562,0.3437499403953552,0.001
1.0392789840698242,0.849102795124054,0.7069846391677856,0.6769983768463135,0.8975310325622559,0.7010336518287659,11.904501914978027,0.7083333134651184,0.4166666567325592,0.4166666567325592,0.6283435821533203,0.4531249403953552,0.001
