loss,accuracy,precision,recall,auc,f1_score,val_loss,val_accuracy,val_precision,val_recall,val_auc,val_f1_score,lr
2.78537917137146,0.6430495977401733,0.25822168588638306,0.2284482717514038,0.5544204711914062,0.27077603340148926,1.6435327529907227,0.6041666865348816,0.2083333283662796,0.2083333283662796,0.5454282760620117,0.11718747764825821,0.001
1.5731360912322998,0.7141109108924866,0.4126984179019928,0.33931484818458557,0.670136034488678,0.3727969527244568,1.4077905416488647,0.75,0.0,0.0,0.5361689925193787,0.0,0.001
1.3726065158843994,0.7455138564109802,0.4878048896789551,0.35889071226119995,0.7239934802055359,0.40319857001304626,1.4252026081085205,0.75,0.0,0.0,0.5615997910499573,0.0,0.001
1.2835923433303833,0.7491843104362488,0.4978448152542114,0.3768352270126343,0.7453404664993286,0.4318303167819977,1.3512768745422363,0.75,0.0,0.0,0.5711162686347961,0.0,0.001
1.1628990173339844,0.7553017735481262,0.5153664350509644,0.3556280732154846,0.7642833590507507,0.412514865398407,1.422045350074768,0.75,0.0,0.0,0.5898919701576233,0.0,0.001
1.1216762065887451,0.7663131952285767,0.5507614016532898,0.35399672389030457,0.7750368118286133,0.42662936449050903,1.449263572692871,0.75,0.0,0.0,0.5485146641731262,0.0,0.001
1.1111730337142944,0.7679445147514343,0.5486725568771362,0.404567688703537,0.7876617908477783,0.46622782945632935,1.4424653053283691,0.75,0.0,0.0,0.5561342835426331,0.0,0.001
1.0510234832763672,0.7752854824066162,0.5865921974182129,0.3425774872303009,0.7881463766098022,0.43179625272750854,1.4548789262771606,0.75,0.0,0.0,0.5458462238311768,0.0,0.001
1.070345401763916,0.7724306583404541,0.5770308375358582,0.33605220913887024,0.7841257452964783,0.4277769923210144,1.4062647819519043,0.75,0.0,0.0,0.5662937760353088,0.0,0.001
