loss,accuracy,precision,recall,auc,f1_score,val_loss,val_accuracy,val_precision,val_recall,val_auc,val_f1_score,lr
3.5784595012664795,0.6875,0.29061371088027954,0.17349137365818024,0.5439008474349976,0.27087515592575073,1.4877090454101562,0.75,0.0,0.0,0.6050668954849243,0.0,0.001
2.05429744720459,0.695758581161499,0.38103756308555603,0.3474714457988739,0.655049204826355,0.36391815543174744,1.4825857877731323,0.75,0.0,0.0,0.5822402238845825,0.0,0.001
1.3808870315551758,0.7292006611824036,0.4525139629840851,0.39641109108924866,0.7297226786613464,0.4163637161254883,1.4665707349777222,0.75,0.0,0.0,0.5931712985038757,0.0,0.001
1.211993932723999,0.740212082862854,0.4730941653251648,0.34420880675315857,0.7486674189567566,0.39326420426368713,1.3733967542648315,0.75,0.0,0.0,0.5554269552230835,0.0,0.001
1.3248777389526367,0.7504078149795532,0.501006007194519,0.40619900822639465,0.7494839429855347,0.4532594084739685,1.4008903503417969,0.75,0.0,0.0,0.5783821940422058,0.0,0.001
1.317965030670166,0.7606036067008972,0.5255905389785767,0.4355628192424774,0.7609258890151978,0.47599878907203674,1.518623948097229,0.7326388955116272,0.0,0.0,0.5670331716537476,0.0,0.001
1.1520322561264038,0.7679445147514343,0.5443548560142517,0.4404567778110504,0.7869403958320618,0.47996264696121216,1.4428496360778809,0.75,0.0,0.0,0.5451067090034485,0.0,0.001
1.0831948518753052,0.7654975652694702,0.5470296740531921,0.3605220317840576,0.7872793674468994,0.4293062090873718,1.4804357290267944,0.75,0.0,0.0,0.5652327537536621,0.0,0.001
1.1782420873641968,0.7544861435890198,0.5128805637359619,0.3572593927383423,0.7637661695480347,0.4251183867454529,1.644554853439331,0.75,0.0,0.0,0.5272955298423767,0.0,0.001
