loss,accuracy,precision,recall,auc,f1_score,val_loss,val_accuracy,val_precision,val_recall,val_auc,val_f1_score,lr
2.4566619396209717,0.6538254022598267,0.2793572247028351,0.24353447556495667,0.5526931285858154,0.3106951117515564,1.5795789957046509,0.75,0.0,0.0,0.4979102611541748,0.0,0.001
1.4957524538040161,0.7414355874061584,0.47826087474823,0.3768352270126343,0.6875057220458984,0.4146522879600525,1.5472053289413452,0.6631944179534912,0.20930232107639313,0.125,0.4677855372428894,0.0882352739572525,0.001
1.132035493850708,0.7593801021575928,0.5266821384429932,0.3703099489212036,0.7725251913070679,0.4359973967075348,1.3337913751602173,0.75,0.0,0.0,0.6682099103927612,0.0,0.001
1.180904507637024,0.7532626390457153,0.508583664894104,0.38662317395210266,0.7747056484222412,0.43258771300315857,1.4037551879882812,0.7534722089767456,1.0,0.013888888992369175,0.5442065596580505,0.1111110970377922,0.001
1.1259855031967163,0.7610114216804504,0.5325301289558411,0.3605220317840576,0.7764597535133362,0.42899131774902344,1.501564621925354,0.7534722089767456,1.0,0.013888888992369175,0.4905799925327301,0.015384613536298275,0.001
1.1981821060180664,0.754893958568573,0.5146341323852539,0.34420880675315857,0.7619046568870544,0.4135003089904785,1.4747973680496216,0.7152777910232544,0.27272728085517883,0.0833333358168602,0.5128600597381592,0.15952377021312714,0.001
1.1123384237289429,0.7736541628837585,0.5779569745063782,0.35073408484458923,0.780859112739563,0.4273831844329834,1.359586238861084,0.75,0.0,0.0,0.6138116717338562,0.0,0.001
1.0988078117370605,0.7659053802490234,0.5501285195350647,0.34910276532173157,0.7793298959732056,0.43066588044166565,1.4766955375671387,0.6354166865348816,0.2380952388048172,0.2083333283662796,0.5826902985572815,0.18713098764419556,0.001
