loss,accuracy,precision,recall,auc,f1_score,val_loss,val_accuracy,val_precision,val_recall,val_auc,val_f1_score,lr
3.055213212966919,0.6279633641242981,0.23384253680706024,0.21443966031074524,0.5341417789459229,0.24512386322021484,1.4501901865005493,0.7534722089767456,1.0,0.013888888992369175,0.49000129103660583,0.015384613536298275,0.001
1.5444005727767944,0.735318124294281,0.46137338876724243,0.35073408484458923,0.6828858852386475,0.396598219871521,1.3444591760635376,0.75,0.0,0.0,0.6070602536201477,0.0,0.001
1.2271803617477417,0.7577487826347351,0.5218390822410583,0.3703099489212036,0.7480207681655884,0.4199956953525543,1.2947096824645996,0.75,0.0,0.0,0.6657342910766602,0.0,0.001
1.1292095184326172,0.7716150283813477,0.5647921562194824,0.3768352270126343,0.7778813242912292,0.4536507725715637,1.3068573474884033,0.75,0.0,0.0,0.6882715821266174,0.0,0.001
1.1497596502304077,0.7561174631118774,0.520215630531311,0.3148450255393982,0.7532655000686646,0.38743528723716736,1.379436731338501,0.7430555820465088,0.0,0.0,0.5839441418647766,0.0,0.001
1.1229482889175415,0.7781403064727783,0.597733736038208,0.34420880675315857,0.775825023651123,0.43912047147750854,1.3133845329284668,0.75,0.0,0.0,0.6693994402885437,0.0,0.001
1.1622973680496216,0.7654975652694702,0.5475000143051147,0.3572593927383423,0.7707704305648804,0.43286794424057007,1.4690595865249634,0.6458333134651184,0.2916666567325592,0.2916666567325592,0.658146858215332,0.21874994039535522,0.001
1.0583516359329224,0.7732463479042053,0.567375898361206,0.39151713252067566,0.7998708486557007,0.4601938724517822,1.3718249797821045,0.6805555820465088,0.33870968222618103,0.2916666567325592,0.6609439849853516,0.3400422930717468,0.001
