loss,accuracy,precision,recall,auc,f1_score,val_loss,val_accuracy,val_precision,val_recall,val_auc,val_f1_score,lr
3.7191829681396484,0.686152994632721,0.28493648767471313,0.16918103396892548,0.5648657083511353,0.251367449760437,1.63304603099823,0.7395833134651184,0.0,0.0,0.5890238881111145,0.0,0.001
1.7060483694076538,0.7336868047714233,0.4609375,0.384991854429245,0.675783097743988,0.4140613079071045,1.487696647644043,0.75,0.0,0.0,0.5615032911300659,0.0,0.001
1.3810803890228271,0.7434747219085693,0.4830508530139923,0.3719412684440613,0.7224083542823792,0.41164630651474,1.409654140472412,0.75,0.0,0.0,0.5703125,0.0,0.001
1.1423633098602295,0.7663131952285767,0.5526315569877625,0.3425774872303009,0.7670524716377258,0.4208994507789612,1.3489785194396973,0.75,0.0,0.0,0.5933963656425476,0.0,0.001
1.1114718914031982,0.7630505561828613,0.536697268486023,0.38172921538352966,0.7860299348831177,0.4450434744358063,1.4556347131729126,0.6597222089767456,0.3194444477558136,0.3194444477558136,0.6000835299491882,0.2890624403953552,0.001
1.094224452972412,0.7720228433609009,0.5692307949066162,0.3621533513069153,0.7859869003295898,0.43980497121810913,1.4564259052276611,0.75,0.0,0.0,0.6048097014427185,0.0,0.001
1.1183140277862549,0.7752854824066162,0.58423912525177,0.35073408484458923,0.7806409001350403,0.43887490034103394,1.4651561975479126,0.75,0.0,0.0,0.5931069850921631,0.0,0.001
1.1710095405578613,0.7589722871780396,0.5236051678657532,0.3980424106121063,0.7724882960319519,0.44798606634140015,1.4220482110977173,0.75,0.0,0.0,0.5479037761688232,0.0,0.001
1.1544084548950195,0.7675366997718811,0.549199104309082,0.39151713252067566,0.7718788981437683,0.4561464786529541,1.696963906288147,0.6493055820465088,0.2957746386528015,0.2916666567325592,0.5866447687149048,0.32923224568367004,0.001
