loss,accuracy,precision,recall,auc,f1_score,val_loss,val_accuracy,val_precision,val_recall,val_auc,val_f1_score,lr
2.5892138481140137,0.7028555870056152,0.3280943036079407,0.17995689809322357,0.6002004146575928,0.2737402021884918,1.5731768608093262,0.6840277910232544,0.3442623019218445,0.2916666567325592,0.574395477771759,0.28739309310913086,0.001
1.5143641233444214,0.7442903518676758,0.48523205518722534,0.3752039074897766,0.703596293926239,0.4282325208187103,1.4900147914886475,0.75,0.0,0.0,0.5712447762489319,0.0,0.001
1.2434157133102417,0.7577487826347351,0.5242967009544373,0.3344208896160126,0.7355884313583374,0.40904903411865234,1.3789499998092651,0.75,0.0,0.0,0.6513953804969788,0.0,0.001
1.1006731986999512,0.7606036067008972,0.5343915224075317,0.3295269310474396,0.7753793001174927,0.4085419178009033,1.322018027305603,0.75,0.0,0.0,0.6768582463264465,0.0,0.001
1.1090941429138184,0.7736541628837585,0.5665137767791748,0.4029363691806793,0.7849480509757996,0.4670228362083435,1.4082515239715576,0.6805555820465088,0.33870968222618103,0.2916666567325592,0.633230447769165,0.3512604236602783,0.001
1.1851972341537476,0.7707993388175964,0.556291401386261,0.41109299659729004,0.7745391130447388,0.47172635793685913,1.3851572275161743,0.7118055820465088,0.3877550959587097,0.2638888955116272,0.645318865776062,0.3017355799674988,0.001
1.179560899734497,0.7540783286094666,0.5110132098197937,0.37846654653549194,0.7653545141220093,0.4386306405067444,1.367980718612671,0.75,0.0,0.0,0.5763245820999146,0.0,0.001
1.1241974830627441,0.7675366997718811,0.5533498525619507,0.36378467082977295,0.7796918749809265,0.430581659078598,1.3792001008987427,0.7013888955116272,0.3478260934352875,0.2222222238779068,0.6543853282928467,0.15238092839717865,0.001
1.2186131477355957,0.7606036067008972,0.528384268283844,0.394779771566391,0.7612132430076599,0.45018845796585083,1.4558569192886353,0.6493055820465088,0.2957746386528015,0.2916666567325592,0.6732574105262756,0.27460622787475586,0.001
