loss,accuracy,precision,recall,auc,f1_score,val_loss,val_accuracy,val_precision,val_recall,val_auc,val_f1_score,lr
1.1525238752365112,0.7130926847457886,0.39346811175346375,0.2726293206214905,0.6697757840156555,0.4144139289855957,1.725232720375061,0.59375,0.18309858441352844,0.1805555522441864,0.48765429854393005,0.15698814392089844,0.001
1.0643823146820068,0.7830342650413513,0.6327868700027466,0.3148450255393982,0.7874837517738342,0.416481077671051,1.6266494989395142,0.5972222089767456,0.18571428954601288,0.1805555522441864,0.5103844404220581,0.2787401080131531,0.001
1.0155895948410034,0.7915986776351929,0.6722972989082336,0.3246329426765442,0.8060732483863831,0.4353446364402771,1.5754146575927734,0.6770833134651184,0.27659574151039124,0.1805555522441864,0.5105131268501282,0.1901305913925171,0.001
1.0157394409179688,0.7883360385894775,0.6793892979621887,0.2903752028942108,0.8048920631408691,0.40638405084609985,1.6800795793533325,0.59375,0.18309858441352844,0.1805555522441864,0.4856288433074951,0.21161413192749023,0.001
0.9596609473228455,0.7920065522193909,0.6859205961227417,0.3099510669708252,0.825217604637146,0.4286483824253082,1.7319360971450806,0.59375,0.18309858441352844,0.1805555522441864,0.4826388955116272,0.10236218571662903,0.001
0.9335290193557739,0.7936378717422485,0.6945454478263855,0.31158238649368286,0.8384841084480286,0.4289637506008148,1.7005451917648315,0.6041666865348816,0.19117647409439087,0.1805555522441864,0.4779128134250641,0.16266661882400513,0.001
0.970493733882904,0.7920065522193909,0.6710963249206543,0.3295269310474396,0.8217095732688904,0.4387550950050354,1.6546683311462402,0.7569444179534912,0.5416666865348816,0.1805555522441864,0.4739904999732971,0.14772725105285645,0.001
0.9498703479766846,0.7973083257675171,0.6895424723625183,0.34420880675315857,0.8304070234298706,0.4623124599456787,1.642889142036438,0.7916666865348816,1.0,0.1666666716337204,0.47698044776916504,0.25777775049209595,0.001
