loss,accuracy,precision,recall,auc,f1_score,val_loss,val_accuracy,val_precision,val_recall,val_auc,val_f1_score,lr
1.1586353778839111,0.7766702771186829,0.6677966117858887,0.21228447556495667,0.6866475939750671,0.3755236268043518,1.346159815788269,0.7777777910232544,1.0,0.1111111119389534,0.5691229701042175,0.1111110970377922,0.001
1.0514976978302002,0.7887438535690308,0.6819923520088196,0.2903752028942108,0.8035258650779724,0.40764063596725464,1.466498851776123,0.7951388955116272,1.0,0.1805555522441864,0.5715020895004272,0.26900580525398254,0.001
1.0384056568145752,0.7891517281532288,0.6751824617385864,0.3017944395542145,0.8056731820106506,0.4178648591041565,1.5076680183410645,0.7569444179534912,0.5416666865348816,0.1805555522441864,0.5671617388725281,0.23953483998775482,0.001
1.003402590751648,0.7977161407470703,0.7096773982048035,0.3230016231536865,0.8221247792243958,0.44520673155784607,1.5331480503082275,0.6944444179534912,0.3095238208770752,0.1805555522441864,0.5741705298423767,0.2745097577571869,0.001
1.007905125617981,0.784665584564209,0.6579925417900085,0.28874388337135315,0.8155998587608337,0.39920473098754883,1.5509790182113647,0.6354166865348816,0.22033898532390594,0.1805555522441864,0.5632394552230835,0.16684779524803162,0.001
0.978531539440155,0.7928221821784973,0.7075098752975464,0.2920065224170685,0.8252809643745422,0.4201119840145111,1.5775309801101685,0.5972222089767456,0.18571428954601288,0.1805555522441864,0.568672776222229,0.15773805975914001,0.001
