loss,accuracy,precision,recall,auc,f1_score,val_loss,val_accuracy,val_precision,val_recall,val_auc,val_f1_score,lr
1.1766557693481445,0.7588900923728943,0.5397590398788452,0.24137930572032928,0.6584725379943848,0.3803975284099579,1.5748622417449951,0.6423611044883728,0.22807016968727112,0.1805555522441864,0.5488040447235107,0.11304345726966858,0.001
1.0514801740646362,0.7940456867218018,0.6788079738616943,0.3344208896160126,0.8049355149269104,0.4453008770942688,1.7479026317596436,0.5902777910232544,0.1805555522441864,0.1805555522441864,0.5577417612075806,0.10156247764825821,0.001
1.0568451881408691,0.7834420800209045,0.6385135054588318,0.30831974744796753,0.8017807006835938,0.4167984127998352,1.6920689344406128,0.5902777910232544,0.1805555522441864,0.1805555522441864,0.5642039775848389,0.10156247764825821,0.001
0.9880342483520508,0.7915986776351929,0.6758620738983154,0.3197389841079712,0.8252081871032715,0.43359440565109253,1.6350256204605103,0.5902777910232544,0.1805555522441864,0.1805555522441864,0.5610854029655457,0.21093744039535522,0.001
1.0008012056350708,0.7964926362037659,0.7021276354789734,0.3230016231536865,0.8176286220550537,0.4441659450531006,1.669022560119629,0.5902777910232544,0.1805555522441864,0.1805555522441864,0.5627572536468506,0.21093744039535522,0.001
0.9834887385368347,0.794453501701355,0.6822742223739624,0.3327895700931549,0.8157152533531189,0.44341906905174255,1.7374415397644043,0.5902777910232544,0.1805555522441864,0.1805555522441864,0.5615997910499573,0.10156247764825821,0.001
