loss,accuracy,precision,recall,auc,f1_score,val_loss,val_accuracy,val_precision,val_recall,val_auc,val_f1_score,lr
1.5141676664352417,0.7653555870056152,0.5555555820465088,0.30711206793785095,0.6977559924125671,0.4281994700431824,1.4649417400360107,0.6875,0.359375,0.3194444477558136,0.6300797462463379,0.4820936322212219,0.001
1.459320068359375,0.7671288847923279,0.5384615659713745,0.4796084761619568,0.7858138680458069,0.5091344118118286,1.7869699001312256,0.6597222089767456,0.3194444477558136,0.3194444477558136,0.5395768880844116,0.3437499403953552,0.001
1.293054461479187,0.7707993388175964,0.5482041835784912,0.4730831980705261,0.8052082061767578,0.5096842646598816,1.6840505599975586,0.6597222089767456,0.3194444477558136,0.3194444477558136,0.5601208209991455,0.3437499403953552,0.001
1.2163827419281006,0.7703915238380432,0.5529661178588867,0.42577487230300903,0.7912471890449524,0.47684741020202637,1.9575718641281128,0.6597222089767456,0.3194444477558136,0.3194444477558136,0.5382265448570251,0.4531249403953552,0.001
1.1208099126815796,0.7887438535690308,0.5944334268569946,0.4877651035785675,0.8268195986747742,0.528022825717926,2.215327024459839,0.6597222089767456,0.3194444477558136,0.3194444477558136,0.5340149402618408,0.3984374403953552,0.001
1.0100035667419434,0.7977161407470703,0.6186612844467163,0.4975530207157135,0.8393223881721497,0.5473206639289856,2.783264398574829,0.6597222089767456,0.3194444477558136,0.3194444477558136,0.5322787761688232,0.23437494039535522,0.001
