loss,accuracy,precision,recall,auc,f1_score,val_loss,val_accuracy,val_precision,val_recall,val_auc,val_f1_score,lr
1.4339536428451538,0.7052801847457886,0.391361266374588,0.3221982717514038,0.6905308961868286,0.4488433003425598,1.4479247331619263,0.6597222089767456,0.3194444477558136,0.3194444477558136,0.6259966492652893,0.2890624403953552,0.001
1.343468427658081,0.7577487826347351,0.5195071697235107,0.4127243161201477,0.792320966720581,0.45579227805137634,1.4056077003479004,0.7013888955116272,0.38333332538604736,0.3194444477558136,0.6289223432540894,0.37094008922576904,0.001
1.2598103284835815,0.7581565976142883,0.5187265872955322,0.4518760144710541,0.7957916259765625,0.4843294024467468,1.3350534439086914,0.75,0.0,0.0,0.6720678806304932,0.0,0.001
1.1896697282791138,0.76998370885849,0.5483234524726868,0.45350733399391174,0.8166684508323669,0.4923689365386963,1.3409101963043213,0.75,0.0,0.0,0.6253536939620972,0.0,0.001
1.079910159111023,0.7887438535690308,0.594059407711029,0.48939642310142517,0.8286353945732117,0.5374506711959839,1.3752954006195068,0.75,0.5,0.1388888955116272,0.6546425223350525,0.12048190087080002,0.001
0.9862356185913086,0.7907830476760864,0.5965250730514526,0.5040783286094666,0.8449574112892151,0.5449901819229126,1.4404267072677612,0.75,0.0,0.0,0.5652970671653748,0.0,0.001
1.1149975061416626,0.7899673581123352,0.5942307710647583,0.5040783286094666,0.8311781287193298,0.5455527305603027,1.4529227018356323,0.75,0.0,0.0,0.5844264626502991,0.0,0.001
1.1554266214370728,0.7814029455184937,0.5719625949859619,0.49918434023857117,0.8217517137527466,0.5353009104728699,1.5522236824035645,0.7430555820465088,0.25,0.013888888992369175,0.591403067111969,0.1111110970377922,0.001
