loss,accuracy,precision,recall,auc,f1_score,val_loss,val_accuracy,val_precision,val_recall,val_auc,val_f1_score,lr
1.4940471649169922,0.7007004022598267,0.378807932138443,0.30818966031074524,0.6879231333732605,0.42608752846717834,2.002946138381958,0.6597222089767456,0.3194444477558136,0.3194444477558136,0.6251928806304932,0.2890624403953552,0.001
1.4040181636810303,0.7565252780914307,0.515325665473938,0.43882545828819275,0.7879149317741394,0.4771658480167389,1.4324792623519897,0.6770833134651184,0.34328359365463257,0.3194444477558136,0.6219779253005981,0.36129024624824524,0.001
1.2501201629638672,0.774469792842865,0.561475396156311,0.4469820559024811,0.8040577173233032,0.49720320105552673,1.4629896879196167,0.7465277910232544,0.0,0.0,0.5533050894737244,0.0,0.001
1.1943663358688354,0.7752854824066162,0.56175297498703,0.4600326120853424,0.8096739649772644,0.5024303197860718,1.583524227142334,0.7604166865348816,1.0,0.0416666679084301,0.5118955969810486,0.1414141207933426,0.001
1.1256190538406372,0.7879282236099243,0.5924453139305115,0.48613375425338745,0.8208589553833008,0.5355523824691772,1.8909716606140137,0.5902777910232544,0.1805555522441864,0.1805555522441864,0.5110917687416077,0.21093744039535522,0.001
1.061469316482544,0.7952691912651062,0.6103379726409912,0.5008156895637512,0.8375496864318848,0.5482174158096313,2.4934866428375244,0.5902777910232544,0.1805555522441864,0.1805555522441864,0.50572270154953,0.21093744039535522,0.001
1.0316500663757324,0.7960848212242126,0.6169772148132324,0.48613375425338745,0.8330698013305664,0.541314959526062,2.6258344650268555,0.5902777910232544,0.1805555522441864,0.1805555522441864,0.48559674620628357,0.21093744039535522,0.001
