loss,accuracy,precision,recall,auc,f1_score,val_loss,val_accuracy,val_precision,val_recall,val_auc,val_f1_score,lr
1.5290491580963135,0.7386853694915771,0.473417729139328,0.4030172526836395,0.725430428981781,0.454348087310791,1.4942504167556763,0.7152777910232544,0.3958333432674408,0.2638888955116272,0.5984117388725281,0.23809519410133362,0.001
1.308100938796997,0.7614192366600037,0.5265151262283325,0.45350733399391174,0.8014600872993469,0.4838026165962219,1.704469084739685,0.6909722089767456,0.3650793731212616,0.3194444477558136,0.5724664926528931,0.36666661500930786,0.001
1.3251322507858276,0.7752854824066162,0.5571955442428589,0.4926590621471405,0.7998349666595459,0.5093652009963989,1.7066627740859985,0.6597222089767456,0.3194444477558136,0.3194444477558136,0.5669045448303223,0.2890624403953552,0.001
1.1786552667617798,0.7675366997718811,0.5436105728149414,0.4371941387653351,0.8023409843444824,0.4856020510196686,1.662888765335083,0.7465277910232544,0.47999998927116394,0.1666666716337204,0.5978330969810486,0.13636361062526703,0.001
1.1801615953445435,0.7809951305389404,0.5748031735420227,0.47634583711624146,0.8194559812545776,0.5219342112541199,1.8917356729507446,0.6840277910232544,0.35384616255760193,0.3194444477558136,0.5740740895271301,0.42240434885025024,0.001
1.1180797815322876,0.789559543132782,0.5956607460975647,0.4926590621471405,0.8197270631790161,0.5326277017593384,2.115190029144287,0.6597222089767456,0.3194444477558136,0.3194444477558136,0.5603780746459961,0.2890624403953552,0.001
