loss,accuracy,precision,recall,auc,f1_score,val_loss,val_accuracy,val_precision,val_recall,val_auc,val_f1_score,lr
1.4783014059066772,0.7376077771186829,0.46981626749038696,0.3857758641242981,0.7252488136291504,0.4358998239040375,1.520397424697876,0.6597222089767456,0.3194444477558136,0.3194444477558136,0.6754436492919922,0.2890624403953552,0.001
1.3409180641174316,0.7801794409751892,0.5706107020378113,0.4877651035785675,0.8139184713363647,0.522952675819397,1.6337296962738037,0.6597222089767456,0.3194444477558136,0.3194444477558136,0.6081210970878601,0.2890624403953552,0.001
1.2903674840927124,0.7777324914932251,0.5702479481697083,0.4502446949481964,0.8030545115470886,0.5011826753616333,1.350724458694458,0.75,0.0,0.0,0.5742348432540894,0.0,0.001
1.1713439226150513,0.7773246169090271,0.5674044489860535,0.4600326120853424,0.8123465776443481,0.5093768835067749,1.3675363063812256,0.75,0.0,0.0,0.5403163433074951,0.0,0.001
1.1508435010910034,0.7736541628837585,0.5559845566749573,0.4698205590248108,0.8091762661933899,0.5088227987289429,1.541922688484192,0.7708333134651184,1.0,0.0833333358168602,0.47987398505210876,0.08571427315473557,0.001
1.0490822792053223,0.7964926362037659,0.6177685856819153,0.4877651035785675,0.8323540091514587,0.5414021015167236,1.9417381286621094,0.6631944179534912,0.2549019753932953,0.1805555522441864,0.48058128356933594,0.34999996423721313,0.001
1.0719839334487915,0.7920065522193909,0.6015779376029968,0.4975530207157135,0.8297588229179382,0.5413179993629456,2.2304763793945312,0.5902777910232544,0.1805555522441864,0.1805555522441864,0.5090662837028503,0.3203124403953552,0.001
1.0375396013259888,0.7830342650413513,0.5867237448692322,0.4469820559024811,0.8248241543769836,0.5107177495956421,2.5503697395324707,0.5902777910232544,0.1805555522441864,0.1805555522441864,0.475533664226532,0.15624995529651642,0.001
