loss,accuracy,precision,recall,auc,f1_score,val_loss,val_accuracy,val_precision,val_recall,val_auc,val_f1_score,lr
1.5659817457199097,0.7599676847457886,0.5339449644088745,0.3135775923728943,0.7011541724205017,0.4274147152900696,1.384270429611206,0.75,0.0,0.0,0.5492861866950989,0.0,0.001
1.2944363355636597,0.774877667427063,0.5596868991851807,0.46655791997909546,0.8015257120132446,0.5049636960029602,1.5290478467941284,0.6180555820465088,0.21212121844291687,0.1944444477558136,0.548353910446167,0.1138211190700531,0.001
1.3810687065124512,0.7659053802490234,0.5368620157241821,0.4632952809333801,0.8038976192474365,0.4965188503265381,1.8281089067459106,0.6076388955116272,0.2112676054239273,0.2083333283662796,0.4832497239112854,0.28198814392089844,0.001
1.368941068649292,0.774469792842865,0.5568181872367859,0.4796084761619568,0.8035016059875488,0.5166987776756287,1.6732516288757324,0.75,0.0,0.0,0.4766910970211029,0.0,0.001
1.115335464477539,0.7728384733200073,0.5564516186714172,0.4502446949481964,0.8162803053855896,0.49644559621810913,2.0178117752075195,0.5902777910232544,0.1805555522441864,0.1805555522441864,0.4802597463130951,0.21093744039535522,0.001
1.2021079063415527,0.7769168019294739,0.5652173757553101,0.46655791997909546,0.8091074228286743,0.5089355111122131,2.1662063598632812,0.5902777910232544,0.1805555522441864,0.1805555522441864,0.4803883731365204,0.2656249403953552,0.001
