loss,accuracy,precision,recall,auc,f1_score,val_loss,val_accuracy,val_precision,val_recall,val_auc,val_f1_score,lr
1.5607106685638428,0.7470366358757019,0.4892368018627167,0.2693965435028076,0.7268409729003906,0.418849378824234,1.8808636665344238,0.6597222089767456,0.3194444477558136,0.3194444477558136,0.5500578880310059,0.23437494039535522,0.001
1.214736819267273,0.7818107604980469,0.576171875,0.48123979568481445,0.8099510669708252,0.5162938833236694,1.7592296600341797,0.6597222089767456,0.3194444477558136,0.3194444477558136,0.5376478433609009,0.3437499403953552,0.001
1.1574679613113403,0.7830342650413513,0.5805168747901917,0.47634583711624146,0.8198459148406982,0.5223440527915955,1.9242875576019287,0.6597222089767456,0.3194444477558136,0.3194444477558136,0.5562628507614136,0.3437499403953552,0.001
1.256947636604309,0.7752854824066162,0.5607843399047852,0.46655791997909546,0.80606609582901,0.5018943548202515,2.2081146240234375,0.7673611044883728,0.6666666865348816,0.1388888955116272,0.5168467164039612,0.20933011174201965,0.001
1.063981056213379,0.7854812145233154,0.590062141418457,0.4649266004562378,0.8231750726699829,0.5232277512550354,2.3681232929229736,0.7222222089767456,0.38235294818878174,0.1805555522441864,0.5043402910232544,0.2976076006889343,0.001
0.996208131313324,0.8119902014732361,0.6557376980781555,0.5220228433609009,0.8496465682983398,0.5789276957511902,2.271894931793213,0.7743055820465088,1.0,0.0972222238779068,0.5316680073738098,0.09859153628349304,0.001
1.096956729888916,0.7826264500617981,0.5806451439857483,0.4698205590248108,0.8188315629959106,0.5215046405792236,2.4478087425231934,0.5902777910232544,0.1805555522441864,0.1805555522441864,0.5012539029121399,0.21093744039535522,0.001
