loss,accuracy,precision,recall,auc,f1_score,val_loss,val_accuracy,val_precision,val_recall,val_auc,val_f1_score,lr
1.5723921060562134,0.709321141242981,0.40130719542503357,0.33081895112991333,0.6941907405853271,0.4666050374507904,1.4847955703735352,0.6597222089767456,0.3194444477558136,0.3194444477558136,0.6387602686882019,0.23437494039535522,0.001
1.2328190803527832,0.7924143671989441,0.5984848737716675,0.5154975652694702,0.8145846724510193,0.5502439737319946,1.7992006540298462,0.6597222089767456,0.3194444477558136,0.3194444477558136,0.599215567111969,0.3437499403953552,0.001
1.2658158540725708,0.76998370885849,0.5481336116790771,0.4551386535167694,0.8004367351531982,0.4960518479347229,1.591318130493164,0.6666666865348816,0.3285714387893677,0.3194444477558136,0.6107252836227417,0.34623008966445923,0.001
1.269162893295288,0.7809951305389404,0.5727969408035278,0.4877651035785675,0.8229612708091736,0.521162211894989,1.6809940338134766,0.6666666865348816,0.3285714387893677,0.3194444477558136,0.5589956641197205,0.29166659712791443,0.001
1.1376371383666992,0.7805872559547424,0.5802997946739197,0.4420880973339081,0.8099483847618103,0.4971171021461487,1.7992095947265625,0.6597222089767456,0.3194444477558136,0.3194444477558136,0.5452032089233398,0.3437499403953552,0.001
1.1196579933166504,0.7858890891075134,0.5883533954620361,0.4779771566390991,0.8222839832305908,0.5256269574165344,1.892275094985962,0.6597222089767456,0.3194444477558136,0.3194444477558136,0.5256879925727844,0.4531249403953552,0.001
