loss,accuracy,precision,recall,auc,f1_score,val_loss,val_accuracy,val_precision,val_recall,val_auc,val_f1_score,lr
1.4389573335647583,0.7332974076271057,0.4595300257205963,0.37931033968925476,0.7160884737968445,0.422346293926239,1.4083229303359985,0.6909722089767456,0.3650793731212616,0.3194444477558136,0.5861304402351379,0.36666661500930786,0.001
1.2657926082611084,0.7818107604980469,0.574999988079071,0.4877651035785675,0.8154518008232117,0.5230185389518738,1.3951611518859863,0.7083333134651184,0.0714285746216774,0.013888888992369175,0.5687692761421204,0.013513502664864063,0.001
1.2183974981307983,0.7822185754776001,0.5817805528640747,0.45840129256248474,0.8061527013778687,0.5106289982795715,1.4041814804077148,0.7604166865348816,1.0,0.0416666679084301,0.5336612462997437,0.1414141207933426,0.001
1.068630337715149,0.7932299971580505,0.6086065769195557,0.4845024347305298,0.830158531665802,0.5363881587982178,1.5160552263259888,0.7708333134651184,1.0,0.0833333358168602,0.47315457463264465,0.1835748553276062,0.001
1.0739954710006714,0.7858890891075134,0.5920501947402954,0.46166396141052246,0.8267201781272888,0.5116428136825562,1.5485804080963135,0.7638888955116272,0.6111111044883728,0.1527777761220932,0.5124421715736389,0.13580244779586792,0.001
1.017817735671997,0.8001631498336792,0.6237424612045288,0.5057096481323242,0.8404671549797058,0.5539638996124268,1.6068676710128784,0.7777777910232544,1.0,0.1111111119389534,0.4940200448036194,0.20970264077186584,0.001
1.0396134853363037,0.7964926362037659,0.6096153855323792,0.5171288847923279,0.8454601168632507,0.5569649338722229,1.7522040605545044,0.7708333134651184,0.75,0.125,0.4959490895271301,0.2777085602283478,0.001
