loss,accuracy,precision,recall,auc,f1_score,val_loss,val_accuracy,val_precision,val_recall,val_auc,val_f1_score,lr
1.4760438203811646,0.7020474076271057,0.3867684602737427,0.32758620381355286,0.6827598810195923,0.4417591691017151,1.3264533281326294,0.75,0.0,0.0,0.6191486120223999,0.0,0.001
1.3076708316802979,0.7667210698127747,0.5401174426078796,0.4502446949481964,0.7952913641929626,0.49874743819236755,1.3299157619476318,0.75,0.0,0.0,0.6415252089500427,0.0,0.001
1.1573148965835571,0.7948613166809082,0.616525411605835,0.4747145175933838,0.8162134289741516,0.5375115275382996,1.37104332447052,0.75,0.0,0.0,0.5848765969276428,0.0,0.001
1.065374732017517,0.7932299971580505,0.6072874665260315,0.48939642310142517,0.8333417773246765,0.5435115694999695,1.5107195377349854,0.7777777910232544,1.0,0.1111111119389534,0.5343364477157593,0.20970264077186584,0.001
1.0248017311096191,0.7948613166809082,0.6136363744735718,0.4845024347305298,0.8346489071846008,0.5401390790939331,1.5382707118988037,0.7777777910232544,1.0,0.1111111119389534,0.4989068806171417,0.1111110970377922,0.001
1.0376980304718018,0.7985318303108215,0.616895854473114,0.5122349262237549,0.8382475972175598,0.5566509962081909,1.5718798637390137,0.7777777910232544,1.0,0.1111111119389534,0.48816871643066406,0.20970264077186584,0.001
