loss,accuracy,precision,recall,auc,f1_score,val_loss,val_accuracy,val_precision,val_recall,val_auc,val_f1_score,lr
1.4920614957809448,0.7319504022598267,0.33816424012184143,0.07543103396892548,0.6165022253990173,0.14961573481559753,1.4095535278320312,0.75,0.0,0.0,0.5168466567993164,0.0,0.001
1.3310247659683228,0.7381729483604431,0.4026845693588257,0.09787928313016891,0.6422291994094849,0.1514556109905243,1.4032200574874878,0.75,0.0,0.0,0.5319573283195496,0.0,0.001
1.2617805004119873,0.75,0.5,0.11908645927906036,0.6820418238639832,0.19340474903583527,1.4210714101791382,0.75,0.0,0.0,0.5499614477157593,0.0,0.001
1.2435637712478638,0.7524470090866089,0.5202702879905701,0.12561175227165222,0.6872032880783081,0.20650701224803925,1.4346669912338257,0.75,0.0,0.0,0.5353973507881165,0.0,0.001
1.1574586629867554,0.7761011123657227,0.7133333086967468,0.17455138266086578,0.7389171719551086,0.2849629819393158,1.4359716176986694,0.7534722089767456,1.0,0.013888888992369175,0.5309284925460815,0.015384613536298275,0.001
1.139578938484192,0.7769168019294739,0.6941176652908325,0.1924959272146225,0.7484399080276489,0.30268552899360657,1.431972861289978,0.7534722089767456,1.0,0.013888888992369175,0.5267489552497864,0.015384613536298275,0.001
1.141853928565979,0.7789559364318848,0.7151514887809753,0.1924959272146225,0.7592287659645081,0.3001922369003296,1.4403305053710938,0.7534722089767456,1.0,0.013888888992369175,0.5258488059043884,0.015384613536298275,0.001
