loss,accuracy,precision,recall,auc,f1_score,val_loss,val_accuracy,val_precision,val_recall,val_auc,val_f1_score,lr
1.4986315965652466,0.7335668206214905,0.3195266127586365,0.05818965658545494,0.5577970147132874,0.13713976740837097,1.3605320453643799,0.75,0.0,0.0,0.6037486791610718,0.0,0.001
1.3877019882202148,0.7320554852485657,0.34057971835136414,0.07667210698127747,0.6136602163314819,0.12292318046092987,1.332519769668579,0.75,0.0,0.0,0.6252250075340271,0.0,0.001
1.3153592348098755,0.75,0.5,0.10929853469133377,0.6529533863067627,0.17341092228889465,1.3355510234832764,0.75,0.0,0.0,0.6383423209190369,0.0,0.001
1.2590539455413818,0.7573409676551819,0.557692289352417,0.14192496240139008,0.6946288347244263,0.22590704262256622,1.3461230993270874,0.75,0.0,0.0,0.540123462677002,0.0,0.001
1.2494231462478638,0.7528548240661621,0.522292971611023,0.13376834988594055,0.6969765424728394,0.21108777821063995,1.3871911764144897,0.75,0.0,0.0,0.5264596343040466,0.0,0.001
1.2084184885025024,0.7589722871780396,0.5763888955116272,0.13539966940879822,0.7201711535453796,0.21935494244098663,1.4020754098892212,0.75,0.0,0.0,0.5344650149345398,0.0,0.001
1.148560881614685,0.7752854824066162,0.701298713684082,0.17618270218372345,0.7568270564079285,0.27805250883102417,1.410796046257019,0.75,0.0,0.0,0.5255915522575378,0.0,0.001
