loss,accuracy,precision,recall,auc,f1_score,val_loss,val_accuracy,val_precision,val_recall,val_auc,val_f1_score,lr
1.508591890335083,0.7279771566390991,0.3689320385456085,0.12398042529821396,0.5750784277915955,0.18237414956092834,1.3482297658920288,0.75,0.0,0.0,0.6237782835960388,0.0,0.001
1.4061373472213745,0.7406198978424072,0.437158465385437,0.13050571084022522,0.609497606754303,0.19274811446666718,1.330040454864502,0.75,0.0,0.0,0.6173161268234253,0.0,0.001
1.3372852802276611,0.7442903518676758,0.4573170840740204,0.12234910577535629,0.6419986486434937,0.19148415327072144,1.3537195920944214,0.75,0.0,0.0,0.5598315000534058,0.0,0.001
1.3139164447784424,0.7491843104362488,0.4935064911842346,0.12398042529821396,0.653993546962738,0.2003079354763031,1.4050939083099365,0.75,0.0,0.0,0.4908371865749359,0.0,0.001
1.229576826095581,0.7654975652694702,0.6283783912658691,0.15171289443969727,0.6992247700691223,0.24373915791511536,1.4245891571044922,0.7604166865348816,1.0,0.0416666679084301,0.492798388004303,0.04477611556649208,0.001
1.2011547088623047,0.7667210698127747,0.6433566212654114,0.1500815600156784,0.7228926420211792,0.24498796463012695,1.405570149421692,0.7604166865348816,1.0,0.0416666679084301,0.4915766417980194,0.04477611556649208,0.001
1.159205436706543,0.7736541628837585,0.6858974099159241,0.17455138266086578,0.7366219162940979,0.27356794476509094,1.4032377004623413,0.7638888955116272,1.0,0.0555555559694767,0.5110918283462524,0.05882352218031883,0.001
