loss,accuracy,precision,recall,auc,f1_score,val_loss,val_accuracy,val_precision,val_recall,val_auc,val_f1_score,lr
24.936573028564453,0.6201508641242981,0.23162584006786346,0.22413793206214905,0.5043428540229797,0.2391246259212494,2.5258989334106445,0.7083333134651184,0.34210526943206787,0.1805555522441864,0.5675153732299805,0.2121211737394333,0.001
9.78406810760498,0.6411092877388,0.2822186052799225,0.2822186052799225,0.538259744644165,0.27601349353790283,1.2817606925964355,0.7534722089767456,0.5081967115402222,0.4305555522441864,0.756751537322998,0.5536722540855408,0.001
5.2725830078125,0.7071778178215027,0.4126455783843994,0.404567688703537,0.6381243467330933,0.4049505293369293,1.3719111680984497,0.7395833134651184,0.47826087474823,0.4583333432674408,0.7680041193962097,0.49682533740997314,0.001
2.983536958694458,0.7185970544815063,0.4263862371444702,0.36378467082977295,0.6774649620056152,0.3989940285682678,1.6110401153564453,0.71875,0.43478259444236755,0.4166666567325592,0.7229294180870056,0.5669999122619629,0.001
2.698685884475708,0.7206361889839172,0.43706294894218445,0.4078303277492523,0.6978178024291992,0.42514604330062866,1.7486146688461304,0.75,0.5,0.5,0.7553369402885437,0.4453124403953552,0.001
2.167837142944336,0.7230831980705261,0.43911439180374146,0.3882544934749603,0.7136588096618652,0.4039382338523865,1.5213172435760498,0.7395833134651184,0.4776119291782379,0.4444444477558136,0.7122557163238525,0.4776422381401062,0.001
2.0728955268859863,0.7316476106643677,0.4584103524684906,0.404567688703537,0.7215997576713562,0.4318026006221771,1.5131908655166626,0.75,0.5,0.5,0.7190071940422058,0.4453124403953552,0.001
