loss,accuracy,precision,recall,auc,f1_score,val_loss,val_accuracy,val_precision,val_recall,val_auc,val_f1_score,lr
14.79924201965332,0.6204202771186829,0.2213209718465805,0.20581896603107452,0.49903836846351624,0.218125581741333,2.789809226989746,0.6979166865348816,0.39436620473861694,0.3888888955116272,0.631333589553833,0.38435032963752747,0.001
8.2321138381958,0.6765905618667603,0.3529411852359772,0.3523654043674469,0.593960165977478,0.35374578833580017,1.124895453453064,0.7638888955116272,0.5303030014038086,0.4861111044883728,0.7719907760620117,0.612704873085022,0.001
4.471122741699219,0.685562789440155,0.36655405163764954,0.35399672389030457,0.6397538781166077,0.35895979404449463,2.263148784637451,0.6909722089767456,0.302325576543808,0.1805555522441864,0.6065136194229126,0.20629367232322693,0.001
3.130399703979492,0.710440456867218,0.41385436058044434,0.3800978660583496,0.6673631072044373,0.39879244565963745,3.0286033153533936,0.6354166865348816,0.2295081913471222,0.1944444477558136,0.5494149327278137,0.17683611810207367,0.001
2.852829694747925,0.7177814245223999,0.43106457591056824,0.4029363691806793,0.6866030097007751,0.419619083404541,3.347060203552246,0.6180555820465088,0.203125,0.1805555522441864,0.5310249328613281,0.270833283662796,0.001
2.686906099319458,0.7312397956848145,0.4595070481300354,0.42577487230300903,0.7069413661956787,0.438965380191803,4.241617202758789,0.5902777910232544,0.1805555522441864,0.1805555522441864,0.5153356194496155,0.2656249403953552,0.001
2.345520496368408,0.7243067026138306,0.4438502788543701,0.40619900822639465,0.7118335366249084,0.4247919023036957,2.8373589515686035,0.6701388955116272,0.3333333432674408,0.3194444477558136,0.5802147388458252,0.2999999523162842,0.001
