loss,accuracy,precision,recall,auc,f1_score,val_loss,val_accuracy,val_precision,val_recall,val_auc,val_f1_score,lr
17.43128776550293,0.6274245977401733,0.24351747334003448,0.23275862634181976,0.5106058716773987,0.25365692377090454,2.3669321537017822,0.7013888955116272,0.4027777910232544,0.4027777910232544,0.6288580298423767,0.3359374403953552,0.001
10.580758094787598,0.6753670573234558,0.3492586612701416,0.34584012627601624,0.5916153192520142,0.353198766708374,1.457778811454773,0.7291666865348816,0.4482758641242981,0.3611111044883728,0.7065329551696777,0.4579709768295288,0.001
4.4115891456604,0.6847471594810486,0.3675496578216553,0.3621533513069153,0.6326404809951782,0.36307328939437866,1.9688494205474854,0.7083333134651184,0.375,0.25,0.615901529788971,0.4177896976470947,0.001
3.79919695854187,0.7002447247505188,0.3944636583328247,0.3719412684440613,0.6385008692741394,0.37569865584373474,2.8445041179656982,0.6458333134651184,0.27272728085517883,0.25,0.5680298209190369,0.25614747405052185,0.001
3.1775963306427,0.6998368501663208,0.3891891837120056,0.3523654043674469,0.6414197683334351,0.37606942653656006,1.8827857971191406,0.7256944179534912,0.4492753744125366,0.4305555522441864,0.641042947769165,0.465999960899353,0.001
2.3325283527374268,0.7292006611824036,0.45438283681869507,0.41435563564300537,0.6970652937889099,0.4355047345161438,1.7152342796325684,0.7465277910232544,0.49275362491607666,0.4722222089767456,0.6720035076141357,0.504761815071106,0.001
2.2489492893218994,0.7263458371162415,0.44784173369407654,0.40619900822639465,0.7021197080612183,0.42126792669296265,1.77100670337677,0.7395833134651184,0.47826087474823,0.4583333432674408,0.6441935896873474,0.481999933719635,0.001
