loss,accuracy,precision,recall,auc,f1_score,val_loss,val_accuracy,val_precision,val_recall,val_auc,val_f1_score,lr
11.613003730773926,0.6667564511299133,0.3056603670120239,0.2618534564971924,0.5504698753356934,0.28778648376464844,1.3047513961791992,0.7152777910232544,0.40740740299224854,0.3055555522441864,0.6901684403419495,0.26276373863220215,0.001
5.718138694763184,0.680668830871582,0.35880398750305176,0.3523654043674469,0.6000513434410095,0.3549391031265259,1.2919801473617554,0.7256944179534912,0.44262295961380005,0.375,0.725662350654602,0.40338975191116333,0.001
3.242767333984375,0.6880097985267639,0.3689655065536499,0.34910276532173157,0.6461114287376404,0.35590070486068726,1.8417377471923828,0.75,0.5,0.5,0.7064042687416077,0.5546874403953552,0.001
2.499760627746582,0.7177814245223999,0.42933809757232666,0.39151713252067566,0.6945624351501465,0.4061284065246582,2.0324654579162598,0.7152777910232544,0.4305555522441864,0.4305555522441864,0.644193708896637,0.4609374403953552,0.001
2.031510591506958,0.7210440635681152,0.4321223795413971,0.36867862939834595,0.7098966240882874,0.3982636332511902,1.8644680976867676,0.7152777910232544,0.421875,0.375,0.6354809999465942,0.39834702014923096,0.001
1.9903644323349,0.725122332572937,0.44007858633995056,0.3654159903526306,0.7031065225601196,0.3970094621181488,2.0783932209014893,0.7222222089767456,0.44285714626312256,0.4305555522441864,0.6395319104194641,0.4204723834991455,0.001
2.220085382461548,0.7145187854766846,0.413173645734787,0.3376835286617279,0.679694652557373,0.37281104922294617,2.0630898475646973,0.6875,0.3392857015132904,0.2638888955116272,0.588895320892334,0.2259586602449417,0.001
